<?xml version="1.0" encoding="UTF-8" ?>
<!DOCTYPE mapper
PUBLIC "-//mybatis.org//DTD Mapper 3.0//EN"
"http://mybatis.org/dtd/mybatis-3-mapper.dtd">
<mapper namespace="smp101">
    <resultMap id="result" type="jp.co.kintetsuls.service.model.smp.Smp101Def">
        <id column="ryokin_Komoku_Cd" property="ryokinKomokuCd" />
        <result column="tekiyo_Kaishibi" property="tekiyoKaishibi" />
        <result column="ryokin_Komoku_Meisho" property="ryokinKomokuMeisho" />
        <result column="ryokin_Komoku_Group" property="ryokinKomokuGroup" />
        <result column="ryokin_Komoku_Gruop_Meisho" property="ryokinKomokuGruopMeisho" />
        <result column="group_Nai_Hyojijun" property="groupNaiHyojijun" />
        <result column="oroshineritsu" property="oroshineritsu" />
        <result column="shuryo_Flg" property="shuryoFlg" />
        <result column="oroshineritsu_Settei_Kano_Flg" property="oroshineritsuSetteiKanoFlg" />
        <result column="kotei_Komoku_Flg" property="koteiKomokuFlg" />
        <result column="meisai_komoku" property="meisaiKomokuMei" />
        <result column="kotei_komoku" property="koteiKomoku" />
        <result column="tekiyo_mei" property="tekiyoMei" />
    </resultMap>
    
    <select id="findAll" resultMap="result">
            select * from sample
            where active_ind = 1
    </select>

    <select id="findToMap" parameterType="hashmap" resultMap="result">
    select
       m.ryokin_komoku_cd
     , m.ryokin_komoku_meisho
     , m.tekiyo_kaishibi
     , m.group_nai_hyojijun
     , m.oroshineritsu
     , m.oroshineritsu_settei_kano_flg
     , mk.kbn_mei as meisai_komoku
     ,case when m.kotei_komoku_flg = '1'
         then '〇'
      end as kotei_komoku
     , m.tekiyo_mei
    from
       ms_ryokin_komoku_test m 
    left join ms_kbn mk 
       on mk.kbn_group_cd = 'RYOKIN_KOMOKU_MEISAI_KOMOKU' 
          and mk.kbn_cd = m.meisai_komoku
    where 1 = 1
        <if test="conRyokinKomokuCd != null and conRyokinKomokuCd != ''">and m.RYOKIN_KOMOKU_CD = #{conRyokinKomokuCd}</if>
        <if test="conRyokinKomokuMeisho != null and conRyokinKomokuMeisho != ''">and m.RYOKIN_KOMOKU_MEISHO = #{conRyokinKomokuMeisho}</if>    
    order by ryokin_komoku_cd
    </select>
    
    
</mapper>
