<?xml version="1.0" encoding="UTF-8" ?>
<!DOCTYPE mapper PUBLIC "-//mybatis.org//DTD Mapper 3.0//EN" "http://mybatis.org/dtd/mybatis-3-mapper.dtd">
<mapper namespace="msSystem">   

   <select id="findByColumn" resultType="jp.co.kintetsuls.service.model.table.MsSystem">
    SELECT
        CD_GROUP as cdGroup
        ,CD as cd
        ,VAL as val
        ,TOROKU_USER as torokuUser
        ,TOROKU_NICHIJI as torokuNichiji
        ,TOROKU_TAMMATSU as torokuTammatsu
        ,KOSHIN_USER as koshinUser
        ,KOSHIN_TAMMATSU as koshinTammatsu
        ,SAISHU_OPERATION_USER as saishuOperationUser
        ,KOSHIN_NICHIJI as koshinNichiji
        ,SAKUJO_FLG as sakujoFlg
        ,KOSHIN_COUNTER as koshinCounter
        ,SAISHU_OPERATION_KOSHIN_NICHIJI as saishuOperationKoshinNichiji
    FROM
        MS_SYSTEM
    WHERE 
        1 = 1
        <if test="cdGroup != null">AND CD_GROUP= #{cdGroup}</if>
        <if test="cd != null">AND CD = #{cd}</if>
        <if test="val != null">AND VAL= #{val}</if>
        <if test="torokuUser != null">AND TOROKU_USER = #{torokuUser}</if>
        <if test="torokuNichiji != null">AND TOROKU_NICHIJI = #{torokuNichiji}</if>
        <if test="torokuTammatsu != null">AND TOROKU_TAMMATSU = #{torokuTammatsu}</if>
        <if test="koshinUser != null">AND KOSHIN_USER = #{koshinUser}</if>
        <if test="koshinTammatsu != null">AND KOSHIN_TAMMATSU = #{koshinTammatsu}</if>
        <if test="saishuOperationUser != null">AND SAISHU_OPERATION_USER = #{saishuOperationUser}</if>
        <if test="koshinNichiji != null">AND KOSHIN_NICHIJI = #{koshinNichiji}</if>
        <if test="sakujoFlg != null">AND SAKUJO_FLG = #{sakujoFlg}</if>
        <if test="koshinCounter != null">AND KOSHIN_COUNTER = #{koshinCounter}</if>
        <if test="saishuOperationKoshinNichiji != null">AND SAISHU_OPERATION_KOSHIN_NICHIJI = #{saishuOperationKoshinNichiji}</if>

    </select>


    <select id="findAll" resultType="jp.co.kintetsuls.service.model.table.MsSystem">
    SELECT
        CD_GROUP as cdGroup
        ,CD as cd
        ,VAL as val
        ,TOROKU_USER as torokuUser
        ,TOROKU_NICHIJI as torokuNichiji
        ,TOROKU_TAMMATSU as torokuTammatsu
        ,KOSHIN_USER as koshinUser
        ,KOSHIN_TAMMATSU as koshinTammatsu
        ,SAISHU_OPERATION_USER as saishuOperationUser
        ,KOSHIN_NICHIJI as koshinNichiji
        ,SAKUJO_FLG as sakujoFlg
        ,KOSHIN_COUNTER as koshinCounter
        ,SAISHU_OPERATION_KOSHIN_NICHIJI as saishuOperationKoshinNichiji
    FROM
        MS_SYSTEM
    </select>


</mapper>
