<?xml version="1.0" encoding="UTF-8" ?>
<!DOCTYPE mapper
PUBLIC "-//mybatis.org//DTD Mapper 3.0//EN"
"http://mybatis.org/dtd/mybatis-3-mapper.dtd">
<mapper namespace="cus011">
    <resultMap id="result" type="jp.co.kintetsuls.service.model.cus.Cus011Def">
        <id column="KOKYAKU_CD"  property="kokyakuCd" />
        <id column="TEKIYO_KAISHIBI" jdbcType="TIMESTAMP" property="tekiyoKaishibi" />
        <result column="TEKIYO_SHURYOBI" jdbcType="TIMESTAMP" property="tekiyoShuryobi" />
        <result column="TEKIYO_MEI" jdbcType="VARCHAR" property="tekiyoMei" />
        <result column="SHINSEI_STATUS_CD" jdbcType="CHAR" property="shinseiStatusCd" />
        <result column="KOKYAKU_SHUBETSU" jdbcType="CHAR" property="kokyakuShubetsu" />
        <result column="KOKYAKU_KBN" jdbcType="CHAR" property="kokyakuKbn" />
        <result column="KOKYAKU_MEI_KANJI_1" jdbcType="VARCHAR" property="kokyakuMeiKanji1" />
        <result column="KOKYAKU_MEI_KANJI_2" jdbcType="VARCHAR" property="kokyakuMeiKanji2" />
        <result column="KOKYAKU_MEI_KANJI_3" jdbcType="VARCHAR" property="kokyakuMeiKanji3" />
        <result column="KOKYAKU_MEI_KANJI_4" jdbcType="VARCHAR" property="kokyakuMeiKanji4" />
        <result column="KOKYAKU_MEI" jdbcType="VARCHAR" property="kokyakuMei" />
        <result column="KOKYAKU_KANA_MEISHO" jdbcType="VARCHAR" property="kokyakuKanaMeisho" />
        <result column="KANA_RYAKUSHO" jdbcType="VARCHAR" property="kanaRyakusho" />
        <result column="YUBIN_BANGO" jdbcType="CHAR" property="yubinBango" />
        <result column="JIS_CD" jdbcType="CHAR" property="jisCd" />
        <result column="SHUKA_CHIKU" jdbcType="CHAR" property="shukaChiku" />
        <result column="JUSHO_1" jdbcType="VARCHAR" property="jusho1" />
        <result column="JUSHO_2" jdbcType="VARCHAR" property="jusho2" />
        <result column="JUSHO_3" jdbcType="VARCHAR" property="jusho3" />
        <result column="JUSHO_4" jdbcType="VARCHAR" property="jusho4" />
        <result column="JUSHO" jdbcType="VARCHAR" property="jusho" />
        <result column="TEL_BANGO_1" jdbcType="VARCHAR" property="telBango1" />
        <result column="TEL_BANGO_2" jdbcType="VARCHAR" property="telBango2" />
        <result column="FAX_BANGO" jdbcType="VARCHAR" property="faxBango" />
        <result column="GYOSHU_CD" jdbcType="CHAR" property="gyoshuCd" />
        <result column="TOROKU_NENGAPPI" jdbcType="CHAR" property="torokuNengappi" />
        <result column="TORIHIKI_KAISHIBI" jdbcType="CHAR" property="torihikiKaishibi" />
        <result column="OKYAKUSAMA_TANTOSHA" jdbcType="VARCHAR" property="okyakusamaTantosha" />
        <result column="OKYAKUSAMA_YAKUSHOKU" jdbcType="VARCHAR" property="okyakusamaYakushoku" />
        <result column="OKYAKUSAMA_BUSHO" jdbcType="VARCHAR" property="okyakusamaBusho" />
        <result column="FUKU_OKYAKUSAMA_TANTOSHA" jdbcType="VARCHAR" property="fukuOkyakusamaTantosha" />
        <result column="FUKU_OKYAKUSAMA_BUSHO" jdbcType="VARCHAR" property="fukuOkyakusamaBusho" />
        <result column="FUKU_OKYAKUSAMA_YAKUSHOKU" jdbcType="VARCHAR" property="fukuOkyakusamaYakushoku" />
        <result column="TANTO_EIGYOSHO_CD" jdbcType="CHAR" property="tantoEigyoshoCd" />
        <result column="TOSHA_TANTOSHA_CD" jdbcType="CHAR" property="toshaTantoshaCd" />
        <result column="KEIYAKUSAKI_CD" jdbcType="CHAR" property="keiyakusakiCd" />
        <result column="SEIKYUSAKI_CD" jdbcType="CHAR" property="seikyusakiCd" />
        <result column="HOJIN_GROUP_CD" jdbcType="VARCHAR" property="hojinGroupCd" />
        <result column="HOJIN_BANGO" jdbcType="VARCHAR" property="hojinBango" />
        <result column="YOSHIN_COMMENT" jdbcType="VARCHAR" property="yoshinComment" />
        <result column="OKURIJOU_SANSYO_OYA_KOKYAKU_CD" jdbcType="CHAR" property="okurijouSansyoOyaKokyakuCd" />
        <result column="OKURIJOU_SANSYO_NIUKENIN" jdbcType="CHAR" property="okurijouSansyoNiukenin" />
        <result column="OKURIJOU_SANSYO_NIOKURININ" jdbcType="CHAR" property="okurijouSansyoNiokurinin" />
        <result column="OKURIJOU_SANSYO_KIJI" jdbcType="CHAR" property="okurijouSansyoKiji" />
        <result column="OKURIJOU_SANSYO_HIMMEI" jdbcType="CHAR" property="okurijouSansyoHimmei" />
        <result column="KIGYO_SHUYAKU_CD" jdbcType="VARCHAR" property="kigyoShuyakuCd" />
        <result column="KWE_FURIKAESAKI_KEIRI_CD" jdbcType="CHAR" property="kweFurikaesakiKeiriCd" />
        <result column="KWE_FUTANSAKI_GYOMU_CD" jdbcType="CHAR" property="kweFutansakiGyomuCd" />
        <result column="KWE_KAMOKU_CD" jdbcType="CHAR" property="kweKamokuCd" />
        <result column="KWE_YUSYUTUNYU_KBN" jdbcType="CHAR" property="kweYusyutunyuKbn" />
        <result column="KWE_FTNKASHO_MEISHO" jdbcType="CHAR" property="kweFtnkashoMeisho" />
        <result column="URIAGE_NYURYOKU_DEFAULT_GAMEN" jdbcType="CHAR" property="uriageNyuryokuDefaultGamen" />
        <result column="URIAGE_NYURYOKU_MEMO" jdbcType="VARCHAR" property="uriageNyuryokuMemo" />
        <result column="KAZEI_MENZEI_FLG" jdbcType="CHAR" property="kazeiMenzeiFlg" />
        <result column="JURYO_KBN" jdbcType="CHAR" property="juryoKbn" />
        <result column="MAEUKEKIN_KEIJOBI" jdbcType="CHAR" property="maeukekinKeijobi" />
        <result column="LOGI_URIAGE_KEISAN_TANI" jdbcType="CHAR" property="logiUriageKeisanTani" />
        <result column="BIKO_1" jdbcType="VARCHAR" property="biko1" />
        <result column="BIKO_2" jdbcType="VARCHAR" property="biko2" />
        <result column="BIKO_3" jdbcType="VARCHAR" property="biko3" />
        <result column="BIKO_4" jdbcType="VARCHAR" property="biko4" />
        <result column="BIKO_5" jdbcType="VARCHAR" property="biko5" />
        <result column="BIKO_6" jdbcType="VARCHAR" property="biko6" />
        <result column="BIKO_7" jdbcType="VARCHAR" property="biko7" />
        <result column="BIKO_8" jdbcType="VARCHAR" property="biko8" />
        <result column="BIKO_9" jdbcType="VARCHAR" property="biko9" />
        <result column="BIKO_10" jdbcType="VARCHAR" property="biko10" />
        <result column="SHUYAKU_CD_EIGYOSHO" jdbcType="VARCHAR" property="shuyakuCdEigyosho" />
        <result column="SHUYAKU_CD_HOMBU_YO" jdbcType="VARCHAR" property="shuyakuCdHombuYo" />
        <result column="SHUYAKU_CD_SONOHOKA" jdbcType="VARCHAR" property="shuyakuCdSonohoka" />
        <result column="SEIKYU_EIGYOSHO_CD" jdbcType="CHAR" property="seikyuEigyoshoCd" />
        <result column="SEIKYUSHO_FORM" jdbcType="CHAR" property="seikyushoForm" />
        <result column="YUSO_SEIKYUSHO_RYOKIN_PTN" jdbcType="CHAR" property="yusoSeikyushoRyokinPtn" />
        <result column="SEIKYUSHO_NARABIJUN" jdbcType="CHAR" property="seikyushoNarabijun" />
        <result column="SHOKEI_UMU" jdbcType="CHAR" property="shokeiUmu" />
        <result column="SHOHIZEI_KEISAN_TANI" jdbcType="CHAR" property="shohizeiKeisanTani" />
        <result column="JUSHO_MEISHO_NO_HYOJI" jdbcType="CHAR" property="jushoMeishoNoHyoji" />
        <result column="TEKIYO_RAN_1" jdbcType="CHAR" property="tekiyoRan1" />
        <result column="TEKIYO_RAN_2" jdbcType="CHAR" property="tekiyoRan2" />
        <result column="WEB_SEIKYUSHO_RIYO" jdbcType="CHAR" property="webSeikyushoRiyo" />
        <result column="CSV_DL_KAHI" jdbcType="CHAR" property="csvDlKahi" />
        <result column="SEIKYU_KIJUN" jdbcType="CHAR" property="seikyuKijun" />
        <result column="SEIKYUSHO_CHECK" jdbcType="CHAR" property="seikyushoCheck" />
        <result column="KAKUNIN_MAIL_ADDRESS_MAIN" jdbcType="VARCHAR" property="kakuninMailAddressMain" />
        <result column="KAKUNIN_MAIL_ADDRESS_CC" jdbcType="VARCHAR" property="kakuninMailAddressCc" />
        <result column="KAKUNIN_MAIL_ADDRESS_BCC" jdbcType="VARCHAR" property="kakuninMailAddressBcc" />
        <result column="NYUKIN_TOIAWASE_HOHO" jdbcType="VARCHAR" property="nyukinToiawaseHoho" />
        <result column="GETSUMATSU_DONICHI_NYUKIN" jdbcType="CHAR" property="getsumatsuDonichiNyukin" />
        <result column="TOIAWASE_TEL_BANGO" jdbcType="CHAR" property="toiawaseTelBango" />
        <result column="NYUKIN_MEI" jdbcType="VARCHAR" property="nyukinMei" />
        <result column="SHIHARAI_HOHO" jdbcType="CHAR" property="shiharaiHoho" />
        <result column="TSUKI_SHIMEBI_1" jdbcType="CHAR" property="tsukiShimebi1" />
        <result column="TSUKI_SHIMEBI_1_SHIHARAI_SITE" jdbcType="CHAR" property="tsukiShimebi1ShiharaiSite" />
        <result column="TSUKI_SHIMEBI_1_NYUKINBI" jdbcType="CHAR" property="tsukiShimebi1Nyukinbi" />
        <result column="TSUKI_SHIMEBI_2" jdbcType="CHAR" property="tsukiShimebi2" />
        <result column="TSUKI_SHIMEBI_2_SHIHARAI_SITE" jdbcType="CHAR" property="tsukiShimebi2ShiharaiSite" />
        <result column="TSUKI_SHIMEBI_2_NYUKINBI" jdbcType="CHAR" property="tsukiShimebi2Nyukinbi" />
        <result column="TSUKI_SHIMEBI_3" jdbcType="CHAR" property="tsukiShimebi3" />
        <result column="TSUKI_SHIMEBI_3_SHIHARAI_SITE" jdbcType="CHAR" property="tsukiShimebi3ShiharaiSite" />
        <result column="TSUKI_SHIMEBI_3_NYUKINBI" jdbcType="CHAR" property="tsukiShimebi3Nyukinbi" />
        <result column="TSUKI_SHIMEBI_4" jdbcType="CHAR" property="tsukiShimebi4" />
        <result column="TSUKI_SHIMEBI_4_SHIHARAI_SITE" jdbcType="CHAR" property="tsukiShimebi4ShiharaiSite" />
        <result column="TSUKI_SHIMEBI_4_NYUKINBI" jdbcType="CHAR" property="tsukiShimebi4Nyukinbi" />
        <result column="TSUKI_SHIMEBI_5" jdbcType="CHAR" property="tsukiShimebi5" />
        <result column="TSUKI_SHIMEBI_5_SHIHARAI_SITE" jdbcType="CHAR" property="tsukiShimebi5ShiharaiSite" />
        <result column="TSUKI_SHIMEBI_5_NYUKINBI" jdbcType="CHAR" property="tsukiShimebi5Nyukinbi" />
        <result column="TSUKI_SHIMEBI_6" jdbcType="CHAR" property="tsukiShimebi6" />
        <result column="TSUKI_SHIMEBI_6_SHIHARAI_SITE" jdbcType="CHAR" property="tsukiShimebi6ShiharaiSite" />
        <result column="TSUKI_SHIMEBI_6_NYUKINBI" jdbcType="CHAR" property="tsukiShimebi6Nyukinbi" />
        <result column="KESSAMBI_SHIME_1" jdbcType="CHAR" property="kessambiShime1" />
        <result column="KESSAMBI_SHIME_1_SHIHARAI_SITE" jdbcType="CHAR" property="kessambiShime1ShiharaiSite" />
        <result column="KESSAMBI_SHIME_1_NYUKINBI" jdbcType="CHAR" property="kessambiShime1Nyukinbi" />
        <result column="KESSAMBI_SHIME_2" jdbcType="CHAR" property="kessambiShime2" />
        <result column="KESSAMBI_SHIME_2_SHIHARAI_SITE" jdbcType="CHAR" property="kessambiShime2ShiharaiSite" />
        <result column="KESSAMBI_SHIME_2_NYUKINBI" jdbcType="CHAR" property="kessambiShime2Nyukinbi" />
        <result column="KESSAMBI_SHIME_3" jdbcType="CHAR" property="kessambiShime3" />
        <result column="KESSAMBI_SHIME_3_SHIHARAI_SITE" jdbcType="CHAR" property="kessambiShime3ShiharaiSite" />
        <result column="KESSAMBI_SHIME_3_NYUKINBI" jdbcType="CHAR" property="kessambiShime3Nyukinbi" />
        <result column="KESSAMBI_SHIME_4" jdbcType="CHAR" property="kessambiShime4" />
        <result column="KESSAMBI_SHIME_4_SHIHARAI_SITE" jdbcType="CHAR" property="kessambiShime4ShiharaiSite" />
        <result column="KESSAMBI_SHIME_4_NYUKINBI" jdbcType="CHAR" property="kessambiShime4Nyukinbi" />
        <result column="KOZA_JOHO" jdbcType="CHAR" property="kozaJoho" />
        <result column="KANI_GINKO_CD" jdbcType="VARCHAR" property="kaniGinkoCd" />
        <result column="DEN_MARU_TOROKU" jdbcType="CHAR" property="denMaruToroku" />
        <result column="DEN_MARU_OKURIJO_NO_FROM" jdbcType="VARCHAR" property="denMaruOkurijoNoFrom" />
        <result column="DEN_MARU_OKURIJO_NO_TO" jdbcType="VARCHAR" property="denMaruOkurijoNoTo" />
        <result column="BIKO_01_SHIYO_FLG" jdbcType="CHAR" property="biko01ShiyoFlg" />
        <result column="BIKO_01_BIKO_MEI" jdbcType="VARCHAR" property="biko01BikoMei" />
        <result column="BIKO_02_SHIYO_FLG" jdbcType="CHAR" property="biko02ShiyoFlg" />
        <result column="BIKO_02_BIKO_MEI" jdbcType="VARCHAR" property="biko02BikoMei" />
        <result column="BIKO_03_SHIYO_FLG" jdbcType="CHAR" property="biko03ShiyoFlg" />
        <result column="BIKO_03_BIKO_MEI" jdbcType="VARCHAR" property="biko03BikoMei" />
        <result column="DATASPIDER_SCRIPT_MEISHO" jdbcType="VARCHAR" property="dataspiderScriptMeisho" />
        <result column="IKAN_MOTO_EIGYOSHO_CD" jdbcType="CHAR" property="ikanMotoEigyoshoCd" />
        <result column="IKAN_MOTO_EIGYOSHO_SHURYOBI" jdbcType="TIMESTAMP" property="ikanMotoEigyoshoShuryobi" />
        <result column="IKAN_MOTO_EIGYOSHO_CD_2" jdbcType="CHAR" property="ikanMotoEigyoshoCd2" />
        <result column="IKAN_MOTO_EIGYOSHO_2_SHURYOBI" jdbcType="TIMESTAMP" property="ikanMotoEigyosho2Shuryobi" />
        <result column="URIAGE_SAISHU_SHIYO_HI" jdbcType="TIMESTAMP" property="uriageSaishuShiyoHi" />
        <result column="SEIKYU_SAISHU_SHIYO_HI" jdbcType="TIMESTAMP" property="seikyuSaishuShiyoHi" />
        <result column="UNCHIN_KEISAN_SAISHU_SHIYO_HI" jdbcType="TIMESTAMP" property="unchinKeisanSaishuShiyoHi" />
        <result column="HAIKAN_SAISHU_SHIYO_HI" jdbcType="TIMESTAMP" property="haikanSaishuShiyoHi" />
        <result column="JOKEN_GAI_MISHU_KAISU" jdbcType="VARCHAR" property="jokenGaiMishuKaisu" />
        <result column="TSUJO_KAISHU_KAISU" jdbcType="VARCHAR" property="tsujoKaishuKaisu" />
        <result column="HON_TOROKU_SHINSEI_KANO_FLG" jdbcType="CHAR" property="honTorokuShinseiKanoFlg" />
        <result column="SAKUJO_FLG" jdbcType="CHAR" property="sakujoFlg" />
        <result column="TOROKU_USER" jdbcType="CHAR" property="torokuUser" />
        <result column="TOROKU_NICHIJI" jdbcType="TIMESTAMP" property="torokuNichiji" />
        <result column="KOSHIN_USER" jdbcType="CHAR" property="koshinUser" />
        <result column="KOSHIN_NICHIJI" jdbcType="TIMESTAMP" property="koshinNichiji" />
        <result column="KOSHIN_COUNTER" jdbcType="NUMERIC" property="koshinCounter" />
        <result column="TOROKU_TAMMATSU" jdbcType="VARCHAR" property="torokuTammatsu" />
        <result column="KOSHIN_TAMMATSU" jdbcType="VARCHAR" property="koshinTammatsu" />
        <result column="TOROKU_EIGYOSHO" jdbcType="CHAR" property="torokuEigyosho" />
        <result column="KOSHIN_EIGYOSHO" jdbcType="CHAR" property="koshinEigyosho" />
        <result column="SAISHU_OPERATION_USER" jdbcType="CHAR" property="saishuOperationUser" />
        <result column="SAISHU_OPERATION_KOSHIN_NICHIJI" jdbcType="TIMESTAMP" property="saishuOperationKoshinNichiji" />
    </resultMap>
<!-- select -->

    <select id="searchForList" parameterType="hashmap" resultType="hashmap">
        select MKB_STATUS.KBN_MEI AS KOKYAKU_STATUS
              ,MKB_SHUBETSU.KBN_MEI AS KOKYAKU_SHUBETSU
              ,MK.KOKYAKU_CD AS KOKYAKU_CD
              ,TO_CHAR(MK.TEKIYO_KAISHIBI,'YYYY/MM/DD') AS TEKIYO_KAISHIBI
              ,MK.KOKYAKU_MEI AS KOKYAKU_MEI
              ,MK.KOKYAKU_KANA_MEISHO AS KOKYAKU_KANA_MEISHO
              ,MK.JUSHO AS KOKYAKU_JUSHO
              ,MK.TANTO_EIGYOSHO_CD || ' ' ||  ME2.EIGYOSHO_MEI AS TANTO_EIGYOSHO
              ,TANTO.USER_MEI AS TOSHA_TANTOSHA
              ,MK_KEIYAKU2.KOKYAKU_CD || ' ' || MK_KEIYAKU2.KOKYAKU_MEI AS KEIYAKUSAKI
              ,MK_SEIKYU2.KOKYAKU_CD || ' ' || MK_SEIKYU2.KOKYAKU_MEI AS SEIKYUSAKI
              ,MK_SEIKYU2.EIGYOSHO_CD || ' ' || MK_SEIKYU2.EIGYOSHO_MEI AS SEIKYU_EIGYO
              ,MK.KIGYO_SHUYAKU_CD AS KIGYO_SHUYAKU_CD
              ,MK.SHUYAKU_CD_EIGYOSHO AS SHUYAKU_CD_EIGYOSHO
              ,MKB_SEIKYU_PTN.KBN_MEI AS SEIKYUSHO_RYOKIN_PTN
              ,case when TONS.SAISHU_HAKKO_OKURIJO_NO is null			
                    then ' '			
                    else substrb(TONS.SAISHU_HAKKO_OKURIJO_NO, 1, 6) || '-' || substrb(TONS.SAISHU_HAKKO_OKURIJO_NO, 7, 7) 			
               end AS SAISHU_HAKKO_OKURIJO_NO
              ,TO_CHAR(NVL(MK.KOSHIN_NICHIJI,TOROKU_NICHIJI), 'YYYY/MM/DD hh:mm:ss') AS KOSHIN_NICHIJI
              ,MU2.USER_MEI AS KOSHIN_USER
          from MS_KOKYAKU MK
          left outer join MS_KBN MKB_STATUS ON MKB_STATUS.KBN_CD = MK.SHINSEI_STATUS_CD																																																
          and MKB_STATUS.KBN_GROUP_CD='KOKYAKU_STATUS'																																																
          left outer join MS_KBN MKB_SHUBETSU ON MKB_SHUBETSU.KBN_CD = MK.KOKYAKU_SHUBETSU
          and MKB_SHUBETSU.KBN_GROUP_CD='KOKYAKU_SHUBETSU'
          left outer join										
          (										
            select										
              ME.EIGYOSHO_CD  AS EIGYOSHO_CD ,										
              ME.EIGYOSHO_MEI AS EIGYOSHO_MEI										
            from										
              MS_EIGYOSHO ME	
<!--									
            where										
               (((ME.TEKIYO_KAISHIBI <= sysdate)										
                    and ( ME.TEKIYO_SHURYOBI IS NULL										
                    and sysdate < ME.TEKIYO_SHURYOBI))										
                 or ((sysdate < ME.TEKIYO_KAISHIBI)										
                     and ( MK.TEKIYO_SHURYOBI IS NULL))										
                 or (ME.TEKIYO_SHURYOBI IS NOT NULL)	
                 <if test="TEKIYO_KAISHIBI != null and TEKIYO_KAISHIBI != ''">or ME.TEKIYO_KAISHIBI = #{(TEKIYO_KAISHIBI}</if>
                 ) 																			
                 and ME.SAKUJO_FLG = '0'	
            -->										
          ) ME2										
          ON MK.TANTO_EIGYOSHO_CD=ME2.EIGYOSHO_CD										
          left outer join						
          (						
            select						
              MU.USER_CD  AS USER_CD ,						
               MU.USER_MEI  AS USER_MEI 						
            from						
              MS_USER MU
<!--						
            where						
               (((MU.TEKIYO_KAISHIBI <= sysdate)						
                    and ( MU.TEKIYO_SHURYOBI IS NULL						
                    and sysdate < MU.TEKIYO_SHURYOBI))						
                 or ((sysdate < MU.TEKIYO_KAISHIBI)						
                     and ( MU.TEKIYO_SHURYOBI IS NULL))						
                 or (MU.TEKIYO_SHURYOBI IS NOT NULL)						
                 <if test="TEKIYO_KAISHIBI != null and TEKIYO_KAISHIBI != ''">or MU.TEKIYO_KAISHIBI = #{(TEKIYO_KAISHIBI}</if>	
                 )		
                 and MU.SAKUJO_FLG = '0'						
            and MU.SAKUJO_FLG = '0'	
            -->					
          ) TANTO						
          on MK.TOSHA_TANTOSHA_CD = TANTO.USER_CD						
           left outer join										
           (										
             select										
               MK_KEIYAKU.KOKYAKU_CD  AS KOKYAKU_CD ,										
               MK_KEIYAKU.KOKYAKU_MEI AS KOKYAKU_MEI 										
             from										
               MS_KOKYAKU MK_KEIYAKU	
<!--										
             where										
                (((MK_KEIYAKU.TEKIYO_KAISHIBI <= sysdate)										
                     and ( MK_KEIYAKU.TEKIYO_SHURYOBI IS NULL										
                     and sysdate < MK_KEIYAKU.TEKIYO_SHURYOBI))										
                  or ((sysdate < MK_KEIYAKU.TEKIYO_KAISHIBI)										
                      and ( MK_KEIYAKU.TEKIYO_SHURYOBI IS NULL))										
                  or (MK_KEIYAKU.TEKIYO_SHURYOBI IS NOT NULL)										
                  <if test="TEKIYO_KAISHIBI != null and TEKIYO_KAISHIBI != ''">or MK_KEIYAKU.TEKIYO_KAISHIBI = #{(TEKIYO_KAISHIBI}</if>										
                  and MK_KEIYAKU.SAKUJO_FLG = '0'	
            -->	  									
           ) MK_KEIYAKU2										
           on MK.KEIYAKUSAKI_CD=MK_KEIYAKU2.KOKYAKU_CD										
          left outer join							
          (							
            select							
              MK_SEIKYU.KOKYAKU_CD  AS KOKYAKU_CD ,							
              MK_SEIKYU.KOKYAKU_MEI AS KOKYAKU_MEI , 							
              ME_SEIKYU2.EIGYOSHO_CD AS EIGYOSHO_CD , 							
              ME_SEIKYU2.EIGYOSHO_MEI AS EIGYOSHO_MEI							
            FROM							
              MS_KOKYAKU MK_SEIKYU							
            left outer join							
            (							
              select							
                ME_SEIKYU.EIGYOSHO_CD  AS EIGYOSHO_CD ,							
                ME_SEIKYU.EIGYOSHO_MEI AS EIGYOSHO_MEI							
              FROM							
                MS_EIGYOSHO ME_SEIKYU	
<!--	 						
              WHERE ((ME_SEIKYU.TEKIYO_KAISHIBI <= sysdate)							
                   and ( ME_SEIKYU.TEKIYO_SHURYOBI IS NULL							
                    or sysdate < ME_SEIKYU.TEKIYO_SHURYOBI))	    					
              )							
              and ME_SEIKYU.SAKUJO_FLG = '0'	
            -->						
            ) ME_SEIKYU2							
            on MK_SEIKYU.TANTO_EIGYOSHO_CD=ME_SEIKYU2.EIGYOSHO_CD	
<!--	 						
            WHERE							
               (((ME_SEIKYU.TEKIYO_KAISHIBI <= sysdate)							
                    and ( ME_SEIKYU.TEKIYO_SHURYOBI IS NULL							
                    and sysdate < ME_SEIKYU.TEKIYO_SHURYOBI))							
                 or ((sysdate < ME_SEIKYU.TEKIYO_KAISHIBI)							
                     and ( ME_SEIKYU.TEKIYO_SHURYOBI IS NULL))							
                 or (ME_SEIKYU.TEKIYO_SHURYOBI IS NOT NULL)							
                  <if test="TEKIYO_KAISHIBI != null and TEKIYO_KAISHIBI != ''">or ME_SEIKYU.TEKIYO_KAISHIBI = #{(TEKIYO_KAISHIBI}</if>							
                 and ME_SEIKYU.SAKUJO_FLG = '0'	
            -->							
          ) MK_SEIKYU2							
          on MK.SEIKYUSAKI_CD=MK_SEIKYU2.KOKYAKU_CD																	
          left outer join MS_KBN MKB_SEIKYU_PTN on MKB_SEIKYU_PTN.KBN_CD=MK.YUSO_SEIKYUSHO_RYOKIN_PTN
          and MKB_SEIKYU_PTN.KBN_GROUP_CD='SEIKYU_PTN'
          left outer join TR_OKURIJO_NO_SAIBAN TONS on TONS.KOKYAKU_CD=MK.KOKYAKU_CD
          left outer join						
          (						
            select						
              MU.USER_CD  AS USER_CD ,						
               MU.USER_MEI  AS USER_MEI 						
            from						
              MS_USER MU
<!--	 						
            where						
               (((MU.TEKIYO_KAISHIBI <= sysdate)						
                    and ( MU.TEKIYO_SHURYOBI IS NULL						
                    and sysdate < MU.TEKIYO_SHURYOBI))						
                 or ((sysdate < MU.TEKIYO_KAISHIBI)						
                     and ( MU.TEKIYO_SHURYOBI IS NULL))						
                 or (MU.TEKIYO_SHURYOBI IS NOT NULL)						
                 <if test="TEKIYO_KAISHIBI != null and TEKIYO_KAISHIBI != ''">or MU.TEKIYO_KAISHIBI = #{(TEKIYO_KAISHIBI}</if>	
                 )		
                 and MU.SAKUJO_FLG = '0'
            -->												
          ) MU2						
          on NVL(MK.KOSHIN_USER,MK.TOROKU_USER) = MU2.USER_CD				
         where MK.SAKUJO_FLG = '0'


        <if test=" (KOKYAKU_SHUBETSU_00 == null or KOKYAKU_SHUBETSU_00 == '') and KOKYAKU_SHUBETSU.size() != 0">and MK.KOKYAKU_SHUBETSU IN
            <foreach item="item" collection="KOKYAKU_SHUBETSU" open="(" separator="," close=")">
                <if test="item != '00'">#{item}</if> 
            </foreach>
        </if>         

        <if test=" (KOKYAKU_KBN_00 == null or KOKYAKU_KBN_00 == '') and KOKYAKU_KBN.size() != 0">and MK.KOKYAKU_KBN IN
            <foreach item="item" collection="KOKYAKU_KBN" open="(" separator="," close=")">
                <if test="item != '00'">#{item}</if> 
            </foreach>
        </if>    
        <if test="SHINSEI_STATUS_CD != null and SHINSEI_STATUS_CD != ''">and MK.SHINSEI_STATUS_CD = #{SHINSEI_STATUS_CD}</if>
        <if test="TANTO_EIGYOSHO_CD != null and TANTO_EIGYOSHO_CD != ''">and MK.TANTO_EIGYOSHO_CD = #{TANTO_EIGYOSHO_CD}</if>
        <if test="SEIKYUSAKI_CD != null and SEIKYUSAKI_CD != ''">and MK.SEIKYUSAKI_CD = #{SEIKYUSAKI_CD}</if>
        <if test="SHUYAKU_CD_EIGYOSHO != null and SHUYAKU_CD_EIGYOSHO != ''">and MK.SHUYAKU_CD_EIGYOSHO = #{SHUYAKU_CD_EIGYOSHO}</if>
        <if test="TOSHA_TANTOSHA_CD != null and TOSHA_TANTOSHA_CD != ''">and MK.TOSHA_TANTOSHA_CD = #{TOSHA_TANTOSHA_CD}</if>
        <if test="KEIYAKUSAKI_CD != null and KEIYAKUSAKI_CD != ''">and MK.KEIYAKUSAKI_CD = #{KEIYAKUSAKI_CD}</if>
        <if test="KIGYO_SHUYAKU_CD != null and KIGYO_SHUYAKU_CD != ''">and MK.KIGYO_SHUYAKU_CD = #{KIGYO_SHUYAKU_CD}</if>
        <if test="KOKYAKU_MEI != null and KOKYAKU_MEI != ''">and MK.KOKYAKU_MEI like '%${KOKYAKU_MEI}%'</if>
        <if test="KOKYAKU_KANA_MEISHO != null and KOKYAKU_KANA_MEISHO != ''">and MK.KOKYAKU_KANA_MEISHO like '%${KOKYAKU_KANA_MEISHO}%'</if>    
        
        
        
        <if test="SEIKYU_EIGYOSHO_CD != null and SEIKYU_EIGYOSHO_CD != ''">and MK.SEIKYU_EIGYOSHO_CD = #{SEIKYU_EIGYOSHO_CD}</if>
        <if test="KOKYAKU_CD != null and KOKYAKU_CD != ''">and MK.KOKYAKU_CD = #{KOKYAKU_CD}</if>
        <if test="SHUYAKU_CD_HOMBU_YO != null and SHUYAKU_CD_HOMBU_YO != ''">and MK.SHUYAKU_CD_HOMBU_YO = #{SHUYAKU_CD_HOMBU_YO}</if> 
        <if test="HOJIN_GROUP_CD != null and HOJIN_GROUP_CD != ''">and MK.HOJIN_GROUP_CD = #{HOJIN_GROUP_CD}</if>   
        <if test="HOJIN_BANGO != null and HOJIN_BANGO != ''">and MK.HOJIN_BANGO = #{HOJIN_BANGO}</if>    
        <if test="SHUYAKU_CD_SONOHOKA != null and SHUYAKU_CD_SONOHOKA != ''">and MK.SHUYAKU_CD_SONOHOKA = #{SHUYAKU_CD_SONOHOKA}</if>   
        <if test="JIS_CD != null and JIS_CD != ''">and MK.JIS_CD = #{JIS_CD}</if>   
        <if test="JUSHO != null and JUSHO != ''">and MK.JUSHO like %#{JUSHO}%</if>
        <if test="TEL_BANGO_1 != null and TEL_BANGO_1 != ''">and MK.TEL_BANGO_1 = #{TEL_BANGO_1}</if>   
         ORDER BY MK.KOKYAKU_CD
    </select>

    <select id="findAll" resultMap="result">
        select * from sample
        where active_ind = 1
    </select>
    <select id="findToMap" parameterType="hashmap" resultMap="result">
        select s.column1, s.column2, s.column3, s.column4, s.column5, s.column6
          from sample s
         where s.ACTIVE_IND = 1
        <if test="column1 != null and column1 != ''">and s.column1 = #{column1}</if>
        <if test="column2 != null and column2 != ''">and s.column2 = #{column2}</if>
        <if test="column3 != null and column3 != ''">and s.column3 = #{column3}</if>
        <if test="column4 != null and column4 != ''">and s.column4 = #{column4}</if>
        <if test="column5 != null and column5 != ''">and s.column5 = #{column5}</if>
        <if test="column6 != null and column6 != ''">and s.column6 = #{column6}</if>        
        <if test="searchOption != null and searchOption != ''">        
         ORDER BY ${searchOption}
        </if>
    </select>
    <select id="findById" resultType="hashmap" parameterType="map">
        select column1, column2, column3, column4
          from sample
         where column1 = #{column1}
           and active_ind = 1
    </select>
    <select id="findByIdToModel" parameterType="map" resultMap="result">
        select
        column1, column2, column3, column4
        from sample
        where
        column1 = #{column1}
        AND active_ind = 1
    </select>    
    <select id="findByColumn" parameterType="sample" resultMap="result">
        select column1, column2, column3, column4
        from sample
        where
        1=1
        <if test="column1 != null">and column1 = #{column1}</if>
        <if test="column2 != null">and column2 = #{column2}</if>
        <if test="column3 != null">and column3 = #{column3}</if>
        <if test="column4 != null">and column4 = #{column4}</if>
        <if test="column5 != null">and column5 = #{column5}</if>
        AND active_ind = 1
    </select>    

<!-- insert -->

    <insert id="insert" parameterType="map" >
        insert into
        sample
        (
        column1,
        column2,
        column3,
        column4,
        active_ind
        )values(
        #{column1},
        #{column2},
        #{column3},
        #{column4},
        1
        )
    </insert>
        
<!-- update -->
    <update id="update" parameterType="sample">
        update sample
        <set>
            column2 = #{column2},                
            column3 = #{column3},
            column4 = #{column4},
            last_modified_by = 'SYSTEM',
            last_modified_date = sysdate()
        </set>
        where
        column1 = #{column1}
        AND active_ind = 1
    </update>
    
    <update id="updateByColumn" parameterType="map">
        update sample
        <set>
<!--            <if test="upd.column1 != null">column1 = #{upd.column1},</if>
            <if test="upd.column2 != null">column2 = #{upd.column2},</if>-->
            <if test="upd.column3 != null">column3 = #{upd.column3},</if>
            <if test="upd.column4 != null">column4 = #{upd.column4}</if>
        </set>
        where
        1=1
        <if test="crt.column1 != null">and column1 = #{crt.column1}</if>
        <if test="crt.column2 != null">and column2 = #{crt.column2}</if>
        <if test="crt.column3 != null">and column3 = #{crt.column3}</if>
        <if test="crt.column4 != null">and column4 = #{crt.column4}</if>
        AND active_ind = 1
    </update>

<!-- delete -->
    <delete id="delete" parameterType="String">
        delete from sample
        where
        column1 = #{column1}
        AND active_ind = 1
    </delete>

    <update id="softDelete" parameterType="sample">
        update sample
        <set>
            active_ind = 0
        </set>
        where
        column1 = #{column1}
        AND active_ind = 1
    </update>

    <update id="softDeleteByColumn" parameterType="sample">
        update sample
        <set>
            active_ind = 0,
            last_modified_by = #{lastModifiedBy},
            last_modified_date = #{lastModifiedDate}
        </set>
            where
            1=1
            <if test="column1 != null">and column1 = #{column1}</if>
            <if test="column2 != null">and column2 = #{column2}</if>
            <if test="column3 != null">and column3 = #{column3}</if>
            <if test="column4 != null">and column4 = #{column4}</if>
            AND active_ind = 1
    </update>




    <!--update sample-->
    <update id="updateForList" parameterType="hashmap">
        UPDATE "MS_KOKYAKU_SHUYAKU_SETTEI"
        <set>
            <!--<if test="kokyakuCd != null">KOKYAKU_CD = #{kokyakuCd},</if>-->
            <!--<if test="shuyakuCd != null">SHUYAKU_CD = #{shuyakuCd},</if>-->
            <!--<if test="eigyoshoCd != null">EIGYOSHO_CD = #{eigyoshoCd},</if>-->
            SHUYAKU_CD = #{shuyakuCd},
            KOSHIN_USER = 'SYSTEM',
            KOSHIN_NICHIJI = SYSDATE
        </set>
        WHERE 1 = 1
        AND KOKYAKU_CD = #{kokyaku}
        <!--AND SHUYAKU_CD = #{shuyakuCd}-->
        AND EIGYOSHO_CD = #{eigyosho}
        AND SAKUJO_FLG = 0
    </update>

    <!--delete sample(soft delete)-->
    <update id="softDeleteForList" parameterType="hashmap">
        UPDATE "MS_KOKYAKU_SHUYAKU_SETTEI"
        <set>
            SAKUJO_FLG = 1,
            KOSHIN_USER = 'SYSTEM',
            KOSHIN_NICHIJI = SYSDATE
        </set>
        WHERE
        KOKYAKU_CD = #{kokyaku}
        <!--AND SHUYAKU_CD = #{shuyakuCd.label}-->
        AND SAKUJO_FLG = 0
    </update>
</mapper>
