<?xml version="1.0" encoding="UTF-8" ?>
<!DOCTYPE mapper
PUBLIC "-//mybatis.org//DTD Mapper 3.0//EN"
"http://mybatis.org/dtd/mybatis-3-mapper.dtd">
<mapper namespace="dem012">
    <resultMap id="result" type="jp.co.kintetsuls.service.model.dem.Dem012Def">
        <result column="KOKYAKU_CD" property="kokyakuCd" />
        <result column="SHUYAKU_CD" property="shuyakuCd" />
        <result column="SHIYO_KBN" property="shiyoKbn" />
        <result column="EIGYOSHO_CD" property="eigyoshoCd" />
        <result column="SAKUJO_FLG" property="sakujoFlg" />
        <result column="TOROKU_USER" property="torokuUser" />
        <result column="TOROKU_NICHIJI" property="torokuNichiji" />
        <result column="KOSHIN_USER" property="koshinUser" />
        <result column="KOSHIN_NICHIJI" property="koshinNichiji" />
        <result column="KOSHIN_COUNTER" property="koshinCounter" />
        <result column="TOROKU_TAMMATSU" property="torokuTammatsu" />
        <result column="KOSHIN_TAMMATSU" property="koshinTammatsu" />
        <result column="SAISHU_OPERATION_USER" property="saishuOperationUser" />
        <result column="SAISHU_OPERATION_KOSHIN_NICHIJI" property="saishuOperationKoshinNichiji" />

<!--        <result column="column1" property="column1" />
        <result column="column2" property="column2" />
        <result column="column3" property="column3" />
        <result column="column4" property="column4" />
        <result column="column5" property="column5" />
        <result column="column6" property="column6" />
        <result column="created_by" property="createdBy" />
        <result column="created_date" property="createdDate" />
        <result column="last_modified_by" property="lastModifiedBy" />
        <result column="last_modified_date" property="lastModifiedDate" />
        <result column="searchOption" property="searchOption" />        -->
    </resultMap>
    
<!-- select -->

    <select id="findAll" resultMap="result">
        select * from sample
        where active_ind = 1
    </select>
    <select id="findToMap" parameterType="hashmap" resultMap="result">
        select s.column1, s.column2, s.column3, s.column4, s.column5, s.column6
          from sample s
         where s.ACTIVE_IND = 1
        <if test="column1 != null and column1 != ''">and s.column1 = #{column1}</if>
        <if test="column2 != null and column2 != ''">and s.column2 = #{column2}</if>
        <if test="column3 != null and column3 != ''">and s.column3 = #{column3}</if>
        <if test="column4 != null and column4 != ''">and s.column4 = #{column4}</if>
        <if test="column5 != null and column5 != ''">and s.column5 = #{column5}</if>
        <if test="column6 != null and column6 != ''">and s.column6 = #{column6}</if>        
        <if test="searchOption != null and searchOption != ''">        
         ORDER BY ${searchOption}
        </if>
    </select>
    <select id="findById" resultType="hashmap" parameterType="map">
        select column1, column2, column3, column4
          from sample
         where column1 = #{column1}
           and active_ind = 1
    </select>
    <select id="findByIdToModel" parameterType="map" resultMap="result">
        select
        column1, column2, column3, column4
        from sample
        where
        column1 = #{column1}
        AND active_ind = 1
    </select>    
    <select id="findByColumn" parameterType="sample" resultMap="result">
        select column1, column2, column3, column4
        from sample
        where
        1=1
        <if test="column1 != null">and column1 = #{column1}</if>
        <if test="column2 != null">and column2 = #{column2}</if>
        <if test="column3 != null">and column3 = #{column3}</if>
        <if test="column4 != null">and column4 = #{column4}</if>
        <if test="column5 != null">and column5 = #{column5}</if>
        AND active_ind = 1
    </select>    

<!-- insert -->

    <insert id="insert" parameterType="map" >
        insert into
        sample
        (
        column1,
        column2,
        column3,
        column4,
        active_ind
        )values(
        #{column1},
        #{column2},
        #{column3},
        #{column4},
        1
        )
    </insert>
        
<!-- update -->
    <update id="update" parameterType="sample">
        update sample
        <set>
            column2 = #{column2},                
            column3 = #{column3},
            column4 = #{column4},
            last_modified_by = 'SYSTEM',
            last_modified_date = sysdate()
        </set>
        where
        column1 = #{column1}
        AND active_ind = 1
    </update>
    
    <update id="updateByColumn" parameterType="map">
        update sample
        <set>
<!--            <if test="upd.column1 != null">column1 = #{upd.column1},</if>
            <if test="upd.column2 != null">column2 = #{upd.column2},</if>-->
            <if test="upd.column3 != null">column3 = #{upd.column3},</if>
            <if test="upd.column4 != null">column4 = #{upd.column4}</if>
        </set>
        where
        1=1
        <if test="crt.column1 != null">and column1 = #{crt.column1}</if>
        <if test="crt.column2 != null">and column2 = #{crt.column2}</if>
        <if test="crt.column3 != null">and column3 = #{crt.column3}</if>
        <if test="crt.column4 != null">and column4 = #{crt.column4}</if>
        AND active_ind = 1
    </update>

<!-- delete -->
    <delete id="delete" parameterType="String">
        delete from sample
        where
        column1 = #{column1}
        AND active_ind = 1
    </delete>

    <update id="softDelete" parameterType="sample">
        update sample
        <set>
            active_ind = 0
        </set>
        where
        column1 = #{column1}
        AND active_ind = 1
    </update>

    <update id="softDeleteByColumn" parameterType="sample">
        update sample
        <set>
            active_ind = 0,
            last_modified_by = #{lastModifiedBy},
            last_modified_date = #{lastModifiedDate}
        </set>
            where
            1=1
            <if test="column1 != null">and column1 = #{column1}</if>
            <if test="column2 != null">and column2 = #{column2}</if>
            <if test="column3 != null">and column3 = #{column3}</if>
            <if test="column4 != null">and column4 = #{column4}</if>
            AND active_ind = 1
    </update>


    <!--select sample-->
    <select id="searchForList" parameterType="hashmap" resultType="hashmap">
        
select
USER_CD,
TEKIYO_KAISHIBI,
TEKIYO_MEI,
USER_MEI,
USER_MEI_EIJI,
MAIL_ADDRESS,
SHOZOKU_KASHO_CD,
MENU_ID,
THEME,
BIKO_1,
BIKO_2,
BIKO_3,
BIKO_4,
SAKUJO_FLG
 from MS_USER 
           
    </select>

    <!--update sample-->
    <update id="updateForList" parameterType="hashmap">
        UPDATE "MS_KOKYAKU_SHUYAKU_SETTEI"
        <set>
            <!--<if test="kokyakuCd != null">KOKYAKU_CD = #{kokyakuCd},</if>-->
            <!--<if test="shuyakuCd != null">SHUYAKU_CD = #{shuyakuCd},</if>-->
            <!--<if test="eigyoshoCd != null">EIGYOSHO_CD = #{eigyoshoCd},</if>-->
            SHUYAKU_CD = #{shuyakuCd},
            KOSHIN_USER = 'SYSTEM',
            KOSHIN_NICHIJI = SYSDATE
        </set>
        WHERE 1 = 1
        AND KOKYAKU_CD = #{kokyaku}
        <!--AND SHUYAKU_CD = #{shuyakuCd}-->
        AND EIGYOSHO_CD = #{eigyosho}
        AND SAKUJO_FLG = 0
    </update>

    <!--delete sample(soft delete)-->
    <update id="softDeleteForList" parameterType="hashmap">
        UPDATE "MS_KOKYAKU_SHUYAKU_SETTEI"
        <set>
            SAKUJO_FLG = 1,
            KOSHIN_USER = 'SYSTEM',
            KOSHIN_NICHIJI = SYSDATE
        </set>
        WHERE
        KOKYAKU_CD = #{kokyaku}
        <!--AND SHUYAKU_CD = #{shuyakuCd.label}-->
        AND SAKUJO_FLG = 0
    </update>
</mapper>
