<?xml version="1.0" encoding="UTF-8" ?>
<!DOCTYPE mapper
PUBLIC "-//mybatis.org//DTD Mapper 3.0//EN"
"http://mybatis.org/dtd/mybatis-3-mapper.dtd">
<mapper namespace="jp.co.sharedsys.service.mapper.SsComMaintSubSearchMapper">
    <resultMap id="result" type="jp.co.sharedsys.service.model.SsComMaintSubSearch">
        <result column="id" property="id" />
        <result column="table_name" property="tableName" />
        <result column="context_id" property="contextId" />
        <result column="context_value" property="contextValue" />
        <result column="context_sql" property="contextSql" />
        <result column="remarks" property="remarks" />
        <result column="created_by" property="createdBy" />
        <result column="created_date" property="createdDate" />
        <result column="last_modified_by" property="lastModifiedBy" />
        <result column="last_modified_date" property="lastModifiedDate" />
    </resultMap>
    
    <select id="findAll" resultMap="result">
        select *
          from ss_com_maint_sub_search_def
    </select>
    
    <select id="findById" parameterType="int" resultMap="result">
        select * 
          from ss_com_maint_sub_search_def
         where id = #{id}
    </select>


    <select id="findByColumn" parameterType="jp.co.sharedsys.service.model.SsComMaintSubSearch" resultMap="result">
        select * 
          from ss_com_maint_sub_search_def
         where 1 = 1
        <if test="id != null"> and Id = #{id}</if>
        <if test="tableName != null"> and table_name = #{tableName}</if>
        <if test="contextId != null"> and context_id = #{contextId}</if>
        <if test="contextValue != null"> and context_value = #{contextValue}</if>
        <if test="contextSql != null"> and context_sql = #{contextSql}</if>
        <if test="remarks != null"> and remarks = #{remarks}</if>
    </select>
</mapper>
