<?xml version="1.0" encoding="UTF-8" ?>
<!DOCTYPE mapper
PUBLIC "-//mybatis.org//DTD Mapper 3.0//EN"
"http://mybatis.org/dtd/mybatis-3-mapper.dtd">
<mapper namespace="jp.co.sharedsys.service.mapper.SsComReportDefMapper">
    <resultMap id="result" type="jp.co.sharedsys.service.model.SsComReportDef">
        <result column="id" property="id" />
        <result column="report_id" property="reportId" />
        <result column="report_description" property="reportDescription" />
        <result column="search_sql" property="searchSql" />
        <result column="remarks" property="remarks" />
        <result column="created_by" property="createdBy" />
        <result column="created_date" property="createdDate" />
        <result column="last_modified_by" property="lastModifiedBy" />
        <result column="last_modified_date" property="lastModifiedDate" />
    </resultMap>
    
    <select id="findAll" resultMap="result">
        select *
          from ss_com_report_def
    </select>

    <select id="findAllForSelector" resultType="hashmap">
        select '' as 'VALUE', 'データを選択して下さい。' as 'LABEL'
          union all
        select report_id 'VALUE'
              ,report_description 'LABEL'
          from ss_com_report_def
    </select>
        
    <select id="findById" parameterType="int" resultMap="result">
        select * 
          from ss_com_report_def
         where id = #{id}
    </select>


    <select id="findByColumn" parameterType="jp.co.sharedsys.service.model.SsComReportDef" resultMap="result">
        select * 
          from ss_com_report_def
         where 1 = 1
        <if test="id != null"> and Id = #{id}</if>
        <if test="reportId != null"> and report_id = #{reportId}</if>
        <if test="reportDescription != null"> and report_description = #{reportDescription}</if>
        <if test="searchSql != null"> and search_sql = #{searchSql}</if>
        <if test="remarks != null"> and remarks = #{remarks}</if>
    </select>
</mapper>
