<?xml version="1.0" encoding="UTF-8" ?>
<!DOCTYPE mapper
PUBLIC "-//mybatis.org//DTD Mapper 3.0//EN"
"http://mybatis.org/dtd/mybatis-3-mapper.dtd">
<mapper namespace="jp.co.sharedsys.service.mapper.SsSortOrderMapper">
    <resultMap id="result" type="jp.co.sharedsys.service.model.SsSortOrderList">
        <result column="function_code" property="functionCode" />
        <result column="table_name" property="tableName" />
        <result column="sort_id" property="sortId" />
        <result column="sort_name" property="sortName" />
        <result column="sort_value" property="sortValue" />        
    </resultMap>

    <select id="findByTable" parameterType="map" resultType="hashmap">
        SELECT
          sort_value as value 
         ,sort_id||':'||sort_name as label
        FROM
          sort_master
        WHERE
          1=1
          <if test="functionCode != null"> and function_code = #{functionCode}</if>
          <if test="tableName != null">and table_name = #{tableName}</if>
    </select>        
</mapper>
    