<?xml version="1.0" encoding="UTF-8" ?>
<!DOCTYPE mapper
PUBLIC "-//mybatis.org//DTD Mapper 3.0//EN"
"http://mybatis.org/dtd/mybatis-3-mapper.dtd">
<mapper namespace="system">
	<resultMap type="system" id="result">
		<id column="system_user_code" property="systemUserCode" />
		<result column="system_user_name" property="systemUserName" />
		<result column="rate1" property="rate1" />
		<result column="rate2" property="rate2" />
		<result column="rate3" property="rate3" />
		<result column="tax" property="tax" />
		<result column="next_tax" property="nextTax" />
		<result column="next_tax_start_date" property="nextTaxStartDate" />

		<result column="inventory_attributeLabel1" property="inventoryAttributeLabel1" />
		<result column="inventory_attributeLabel2" property="inventoryAttributeLabel2" />
		<result column="inventory_attributeLabel3" property="inventoryAttributeLabel3" />
		<result column="inventory_attributeLabel4" property="inventoryAttributeLabel4" />
		<result column="inventory_attributeLabel5" property="inventoryAttributeLabel5" />
		<result column="inventory_attributeLabel6" property="inventoryAttributeLabel6" />
		<result column="inventory_attributeLabel7" property="inventoryAttributeLabel7" />
		<result column="inventory_attributeLabel8" property="inventoryAttributeLabel8" />
		<result column="inventory_attributeLabel9" property="inventoryAttributeLabel9" />
		<result column="inventory_attributeLabel10" property="inventoryAttributeLabel10" />
		<result column="inventory_attributeLabel11" property="inventoryAttributeLabel11" />
		<result column="inventory_attributeLabel12" property="inventoryAttributeLabel12" />
		<result column="inventory_attributeLabel13" property="inventoryAttributeLabel13" />
		<result column="inventory_attributeLabel14" property="inventoryAttributeLabel14" />
		<result column="inventory_attributeLabel15" property="inventoryAttributeLabel15" />
		<result column="inventory_attributeLabel16" property="inventoryAttributeLabel16" />
		<result column="inventory_attributeLabel17" property="inventoryAttributeLabel17" />
		<result column="inventory_attributeLabel18" property="inventoryAttributeLabel18" />
		<result column="inventory_attributeLabel19" property="inventoryAttributeLabel19" />
		<result column="inventory_attributeLabel20" property="inventoryAttributeLabel20" />
		<result column="inventory_attributeLabel21" property="inventoryAttributeLabel21" />
		<result column="inventory_attributeLabel22" property="inventoryAttributeLabel22" />
		<result column="inventory_attributeLabel23" property="inventoryAttributeLabel23" />
		<result column="inventory_attributeLabel24" property="inventoryAttributeLabel24" />
		<result column="inventory_attributeLabel25" property="inventoryAttributeLabel25" />
		<result column="inventory_attributeLabel26" property="inventoryAttributeLabel26" />
		<result column="inventory_attributeLabel27" property="inventoryAttributeLabel27" />
		<result column="inventory_attributeLabel28" property="inventoryAttributeLabel28" />
		<result column="inventory_attributeLabel29" property="inventoryAttributeLabel29" />
		<result column="inventory_attributeLabel30" property="inventoryAttributeLabel30" />

		<result column="inventory_attribute_use_ind1" property="inventoryAttributeUseInd1" />
		<result column="inventory_attribute_use_ind2" property="inventoryAttributeUseInd2" />
		<result column="inventory_attribute_use_ind3" property="inventoryAttributeUseInd3" />
		<result column="inventory_attribute_use_ind4" property="inventoryAttributeUseInd4" />
		<result column="inventory_attribute_use_ind5" property="inventoryAttributeUseInd5" />
		<result column="inventory_attribute_use_ind6" property="inventoryAttributeUseInd6" />
		<result column="inventory_attribute_use_ind7" property="inventoryAttributeUseInd7" />
		<result column="inventory_attribute_use_ind8" property="inventoryAttributeUseInd8" />
		<result column="inventory_attribute_use_ind9" property="inventoryAttributeUseInd9" />
		<result column="inventory_attribute_use_ind10" property="inventoryAttributeUseInd10" />
		<result column="inventory_attribute_use_ind11" property="inventoryAttributeUseInd11" />
		<result column="inventory_attribute_use_ind12" property="inventoryAttributeUseInd12" />
		<result column="inventory_attribute_use_ind13" property="inventoryAttributeUseInd13" />
		<result column="inventory_attribute_use_ind14" property="inventoryAttributeUseInd14" />
		<result column="inventory_attribute_use_ind15" property="inventoryAttributeUseInd15" />
		<result column="inventory_attribute_use_ind16" property="inventoryAttributeUseInd16" />
		<result column="inventory_attribute_use_ind17" property="inventoryAttributeUseInd17" />
		<result column="inventory_attribute_use_ind18" property="inventoryAttributeUseInd18" />
		<result column="inventory_attribute_use_ind19" property="inventoryAttributeUseInd19" />
		<result column="inventory_attribute_use_ind20" property="inventoryAttributeUseInd20" />
		<result column="inventory_attribute_use_ind21" property="inventoryAttributeUseInd21" />
		<result column="inventory_attribute_use_ind22" property="inventoryAttributeUseInd22" />
		<result column="inventory_attribute_use_ind23" property="inventoryAttributeUseInd23" />
		<result column="inventory_attribute_use_ind24" property="inventoryAttributeUseInd24" />
		<result column="inventory_attribute_use_ind25" property="inventoryAttributeUseInd25" />
		<result column="inventory_attribute_use_ind26" property="inventoryAttributeUseInd26" />
		<result column="inventory_attribute_use_ind27" property="inventoryAttributeUseInd27" />
		<result column="inventory_attribute_use_ind28" property="inventoryAttributeUseInd28" />
		<result column="inventory_attribute_use_ind29" property="inventoryAttributeUseInd29" />
		<result column="inventory_attribute_use_ind30" property="inventoryAttributeUseInd30" />

		<result column="mandatory_ind1" property="mandatoryInd1" />
		<result column="mandatory_ind2" property="mandatoryInd2" />
		<result column="mandatory_ind3" property="mandatoryInd3" />
		<result column="mandatory_ind4" property="mandatoryInd4" />
		<result column="mandatory_ind5" property="mandatoryInd5" />
		<result column="mandatory_ind6" property="mandatoryInd6" />
		<result column="mandatory_ind7" property="mandatoryInd7" />
		<result column="mandatory_ind8" property="mandatoryInd8" />
		<result column="mandatory_ind9" property="mandatoryInd9" />
		<result column="mandatory_ind10" property="mandatoryInd10" />
		<result column="mandatory_ind11" property="mandatoryInd11" />
		<result column="mandatory_ind12" property="mandatoryInd12" />
		<result column="mandatory_ind13" property="mandatoryInd13" />
		<result column="mandatory_ind14" property="mandatoryInd14" />
		<result column="mandatory_ind15" property="mandatoryInd15" />
		<result column="mandatory_ind16" property="mandatoryInd16" />
		<result column="mandatory_ind17" property="mandatoryInd17" />
		<result column="mandatory_ind18" property="mandatoryInd18" />
		<result column="mandatory_ind19" property="mandatoryInd19" />
		<result column="mandatory_ind20" property="mandatoryInd20" />
		<result column="mandatory_ind21" property="mandatoryInd21" />
		<result column="mandatory_ind22" property="mandatoryInd22" />
		<result column="mandatory_ind23" property="mandatoryInd23" />
		<result column="mandatory_ind24" property="mandatoryInd24" />
		<result column="mandatory_ind25" property="mandatoryInd25" />
		<result column="mandatory_ind26" property="mandatoryInd26" />
		<result column="mandatory_ind27" property="mandatoryInd27" />
		<result column="mandatory_ind28" property="mandatoryInd28" />
		<result column="mandatory_ind29" property="mandatoryInd29" />
		<result column="mandatory_ind30" property="mandatoryInd30" />

	</resultMap>

	<!-- insert -->
	<insert id="create" parameterType="system" useGeneratedKeys="true"
		keyProperty="systemUserCode">
		insert into
		system_master
		(
			 system_user_code,
			 system_user_name,
			 rate1,
			 rate2,
			 rate3,
			 tax,
			 next_tax,
			 next_tax_start_date,
			 inventory_attributeLabel1,
			inventory_attributeLabel2,
			inventory_attributeLabel3,
			inventory_attributeLabel4,
			inventory_attributeLabel5,
			inventory_attributeLabel6,
			inventory_attributeLabel7,
			inventory_attributeLabel8,
			inventory_attributeLabel9,
			inventory_attributeLabel10,
			inventory_attributeLabel11,
			inventory_attributeLabel12,
			inventory_attributeLabel13,
			inventory_attributeLabel14,
			inventory_attributeLabel15,
			inventory_attributeLabel16,
			inventory_attributeLabel17,
			inventory_attributeLabel18,
			inventory_attributeLabel19,
			inventory_attributeLabel20,
			inventory_attributeLabel21,
			inventory_attributeLabel22,
			inventory_attributeLabel23,
			inventory_attributeLabel24,
			inventory_attributeLabel25,
			inventory_attributeLabel26,
			inventory_attributeLabel27,
			inventory_attributeLabel28,
			inventory_attributeLabel29,
			inventory_attributeLabel30,
			inventory_attribute_use_ind1,
			inventory_attribute_use_ind2,
			inventory_attribute_use_ind3,
			inventory_attribute_use_ind4,
			inventory_attribute_use_ind5,
			inventory_attribute_use_ind6,
			inventory_attribute_use_ind7,
			inventory_attribute_use_ind8,
			inventory_attribute_use_ind9,
			inventory_attribute_use_ind10,
			inventory_attribute_use_ind11,
			inventory_attribute_use_ind12,
			inventory_attribute_use_ind13,
			inventory_attribute_use_ind14,
			inventory_attribute_use_ind15,
			inventory_attribute_use_ind16,
			inventory_attribute_use_ind17,
			inventory_attribute_use_ind18,
			inventory_attribute_use_ind19,
			inventory_attribute_use_ind20,
			inventory_attribute_use_ind21,
			inventory_attribute_use_ind22,
			inventory_attribute_use_ind23,
			inventory_attribute_use_ind24,
			inventory_attribute_use_ind25,
			inventory_attribute_use_ind26,
			inventory_attribute_use_ind27,
			inventory_attribute_use_ind28,
			inventory_attribute_use_ind29,
			inventory_attribute_use_ind30,
			mandatory_ind1,
			mandatory_ind2,
			mandatory_ind3,
			mandatory_ind4,
			mandatory_ind5,
			mandatory_ind6,
			mandatory_ind7,
			mandatory_ind8,
			mandatory_ind9,
			mandatory_ind10,
			mandatory_ind11,
			mandatory_ind12,
			mandatory_ind13,
			mandatory_ind14,
			mandatory_ind15,
			mandatory_ind16,
			mandatory_ind17,
			mandatory_ind18,
			mandatory_ind19,
			mandatory_ind20,
			mandatory_ind21,
			mandatory_ind22,
			mandatory_ind23,
			mandatory_ind24,
			mandatory_ind25,
			mandatory_ind26,
			mandatory_ind27,
			mandatory_ind28,
			mandatory_ind29,
			mandatory_ind30
		)values(
			 #{systemUserCode},
			 #{systemUserName},
			 #{rate1},#{rate2},
			 #{rate3},
			 #{tax},
			 #{nextTax},
			 #{nextTaxStartDate},
			 #{inventoryAttributeLabel1},
			#{inventoryAttributeLabel2},
			#{inventoryAttributeLabel3},
			#{inventoryAttributeLabel4},
			#{inventoryAttributeLabel5},
			#{inventoryAttributeLabel6},
			#{inventoryAttributeLabel7},
			#{inventoryAttributeLabel8},
			#{inventoryAttributeLabel9},
			#{inventoryAttributeLabel10},
			#{inventoryAttributeLabel11},
			#{inventoryAttributeLabel12},
			#{inventoryAttributeLabel13},
			#{inventoryAttributeLabel14},
			#{inventoryAttributeLabel15},
			#{inventoryAttributeLabel16},
			#{inventoryAttributeLabel17},
			#{inventoryAttributeLabel18},
			#{inventoryAttributeLabel19},
			#{inventoryAttributeLabel20},
			#{inventoryAttributeLabel21},
			#{inventoryAttributeLabel22},
			#{inventoryAttributeLabel23},
			#{inventoryAttributeLabel24},
			#{inventoryAttributeLabel25},
			#{inventoryAttributeLabel26},
			#{inventoryAttributeLabel27},
			#{inventoryAttributeLabel28},
			#{inventoryAttributeLabel29},
			#{inventoryAttributeLabel30},
			#{inventoryAttributeUseInd1},
			#{inventoryAttributeUseInd2},
			#{inventoryAttributeUseInd3},
			#{inventoryAttributeUseInd4},
			#{inventoryAttributeUseInd5},
			#{inventoryAttributeUseInd6},
			#{inventoryAttributeUseInd7},
			#{inventoryAttributeUseInd8},
			#{inventoryAttributeUseInd9},
			#{inventoryAttributeUseInd10},
			#{inventoryAttributeUseInd11},
			#{inventoryAttributeUseInd12},
			#{inventoryAttributeUseInd13},
			#{inventoryAttributeUseInd14},
			#{inventoryAttributeUseInd15},
			#{inventoryAttributeUseInd16},
			#{inventoryAttributeUseInd17},
			#{inventoryAttributeUseInd18},
			#{inventoryAttributeUseInd19},
			#{inventoryAttributeUseInd20},
			#{inventoryAttributeUseInd21},
			#{inventoryAttributeUseInd22},
			#{inventoryAttributeUseInd23},
			#{inventoryAttributeUseInd24},
			#{inventoryAttributeUseInd25},
			#{inventoryAttributeUseInd26},
			#{inventoryAttributeUseInd27},
			#{inventoryAttributeUseInd28},
			#{inventoryAttributeUseInd29},
			#{inventoryAttributeUseInd30},
			#{mandatoryInd1},
			#{mandatoryInd2},
			#{mandatoryInd3},
			#{mandatoryInd4},
			#{mandatoryInd5},
			#{mandatoryInd6},
			#{mandatoryInd7},
			#{mandatoryInd8},
			#{mandatoryInd9},
			#{mandatoryInd10},
			#{mandatoryInd11},
			#{mandatoryInd12},
			#{mandatoryInd13},
			#{mandatoryInd14},
			#{mandatoryInd15},
			#{mandatoryInd16},
			#{mandatoryInd17},
			#{mandatoryInd18},
			#{mandatoryInd19},
			#{mandatoryInd20},
			#{mandatoryInd21},
			#{mandatoryInd22},
			#{mandatoryInd23},
			#{mandatoryInd24},
			#{mandatoryInd25},
			#{mandatoryInd26},
			#{mandatoryInd27},
			#{mandatoryInd28},
			#{mandatoryInd29},
			#{mandatoryInd30}
		)
	</insert>

	<!-- select -->
	<select id="findById" parameterType="String" resultMap="result">
		select *
		from system_master
		where
		system_user_code = #{systemUserCode}
	</select>

	<select id="findByColumn" parameterType="system" resultMap="result">
		select *
		from system_master
		where
		1=1
		<if test="systemUserCode != null">and system_user_code = #{systemUserCode}</if>
		<if test="systemUserName != null">and system_user_name = #{systemUserName}</if>
		<if test="rate1 != null">and rate1 = #{rate1}</if>
		<if test="rate2 != null">and rate2 = #{rate2}</if>
		<if test="rate3 != null">and rate3 = #{rate3}</if>
		<if test="tax != null">and tax = #{tax}</if>
		<if test="nextTax != null">and next_tax = #{nextTax}</if>
		<if test="nextTaxStartDate != null">and next_tax_start_date = #{nextTaxStartDate}</if>
		<if test = "inventoryAttributeLabel1 != null">and inventory_attributeLabel1 = #{inventoryAttributeLabel1} </if>
		<if test = "inventoryAttributeLabel2 != null">and inventory_attributeLabel2 = #{inventoryAttributeLabel2} </if>
		<if test = "inventoryAttributeLabel3 != null">and inventory_attributeLabel3 = #{inventoryAttributeLabel3} </if>
		<if test = "inventoryAttributeLabel4 != null">and inventory_attributeLabel4 = #{inventoryAttributeLabel4} </if>
		<if test = "inventoryAttributeLabel5 != null">and inventory_attributeLabel5 = #{inventoryAttributeLabel5} </if>
		<if test = "inventoryAttributeLabel6 != null">and inventory_attributeLabel6 = #{inventoryAttributeLabel6} </if>
		<if test = "inventoryAttributeLabel7 != null">and inventory_attributeLabel7 = #{inventoryAttributeLabel7} </if>
		<if test = "inventoryAttributeLabel8 != null">and inventory_attributeLabel8 = #{inventoryAttributeLabel8} </if>
		<if test = "inventoryAttributeLabel9 != null">and inventory_attributeLabel9 = #{inventoryAttributeLabel9} </if>
		<if test = "inventoryAttributeLabel10 != null">and inventory_attributeLabel10 = #{inventoryAttributeLabel10} </if>
		<if test = "inventoryAttributeLabel11 != null">and inventory_attributeLabel11 = #{inventoryAttributeLabel11} </if>
		<if test = "inventoryAttributeLabel12 != null">and inventory_attributeLabel12 = #{inventoryAttributeLabel12} </if>
		<if test = "inventoryAttributeLabel13 != null">and inventory_attributeLabel13 = #{inventoryAttributeLabel13} </if>
		<if test = "inventoryAttributeLabel14 != null">and inventory_attributeLabel14 = #{inventoryAttributeLabel14} </if>
		<if test = "inventoryAttributeLabel15 != null">and inventory_attributeLabel15 = #{inventoryAttributeLabel15} </if>
		<if test = "inventoryAttributeLabel16 != null">and inventory_attributeLabel16 = #{inventoryAttributeLabel16} </if>
		<if test = "inventoryAttributeLabel17 != null">and inventory_attributeLabel17 = #{inventoryAttributeLabel17} </if>
		<if test = "inventoryAttributeLabel18 != null">and inventory_attributeLabel18 = #{inventoryAttributeLabel18} </if>
		<if test = "inventoryAttributeLabel19 != null">and inventory_attributeLabel19 = #{inventoryAttributeLabel19} </if>
		<if test = "inventoryAttributeLabel20 != null">and inventory_attributeLabel20 = #{inventoryAttributeLabel20} </if>
		<if test = "inventoryAttributeLabel21 != null">and inventory_attributeLabel21 = #{inventoryAttributeLabel21} </if>
		<if test = "inventoryAttributeLabel22 != null">and inventory_attributeLabel22 = #{inventoryAttributeLabel22} </if>
		<if test = "inventoryAttributeLabel23 != null">and inventory_attributeLabel23 = #{inventoryAttributeLabel23} </if>
		<if test = "inventoryAttributeLabel24 != null">and inventory_attributeLabel24 = #{inventoryAttributeLabel24} </if>
		<if test = "inventoryAttributeLabel25 != null">and inventory_attributeLabel25 = #{inventoryAttributeLabel25} </if>
		<if test = "inventoryAttributeLabel26 != null">and inventory_attributeLabel26 = #{inventoryAttributeLabel26} </if>
		<if test = "inventoryAttributeLabel27 != null">and inventory_attributeLabel27 = #{inventoryAttributeLabel27} </if>
		<if test = "inventoryAttributeLabel28 != null">and inventory_attributeLabel28 = #{inventoryAttributeLabel28} </if>
		<if test = "inventoryAttributeLabel29 != null">and inventory_attributeLabel29 = #{inventoryAttributeLabel29} </if>
		<if test = "inventoryAttributeLabel30 != null">and inventory_attributeLabel30 = #{inventoryAttributeLabel30} </if>
		<if test = "inventoryAttributeUseInd1 != null">and inventory_attribute_use_ind1 = #{inventoryAttributeUseInd1} </if>
		<if test = "inventoryAttributeUseInd2 != null">and inventory_attribute_use_ind2 = #{inventoryAttributeUseInd2} </if>
		<if test = "inventoryAttributeUseInd3 != null">and inventory_attribute_use_ind3 = #{inventoryAttributeUseInd3} </if>
		<if test = "inventoryAttributeUseInd4 != null">and inventory_attribute_use_ind4 = #{inventoryAttributeUseInd4} </if>
		<if test = "inventoryAttributeUseInd5 != null">and inventory_attribute_use_ind5 = #{inventoryAttributeUseInd5} </if>
		<if test = "inventoryAttributeUseInd6 != null">and inventory_attribute_use_ind6 = #{inventoryAttributeUseInd6} </if>
		<if test = "inventoryAttributeUseInd7 != null">and inventory_attribute_use_ind7 = #{inventoryAttributeUseInd7} </if>
		<if test = "inventoryAttributeUseInd8 != null">and inventory_attribute_use_ind8 = #{inventoryAttributeUseInd8} </if>
		<if test = "inventoryAttributeUseInd9 != null">and inventory_attribute_use_ind9 = #{inventoryAttributeUseInd9} </if>
		<if test = "inventoryAttributeUseInd10 != null">and inventory_attribute_use_ind10 = #{inventoryAttributeUseInd10} </if>
		<if test = "inventoryAttributeUseInd11 != null">and inventory_attribute_use_ind11 = #{inventoryAttributeUseInd11} </if>
		<if test = "inventoryAttributeUseInd12 != null">and inventory_attribute_use_ind12 = #{inventoryAttributeUseInd12} </if>
		<if test = "inventoryAttributeUseInd13 != null">and inventory_attribute_use_ind13 = #{inventoryAttributeUseInd13} </if>
		<if test = "inventoryAttributeUseInd14 != null">and inventory_attribute_use_ind14 = #{inventoryAttributeUseInd14} </if>
		<if test = "inventoryAttributeUseInd15 != null">and inventory_attribute_use_ind15 = #{inventoryAttributeUseInd15} </if>
		<if test = "inventoryAttributeUseInd16 != null">and inventory_attribute_use_ind16 = #{inventoryAttributeUseInd16} </if>
		<if test = "inventoryAttributeUseInd17 != null">and inventory_attribute_use_ind17 = #{inventoryAttributeUseInd17} </if>
		<if test = "inventoryAttributeUseInd18 != null">and inventory_attribute_use_ind18 = #{inventoryAttributeUseInd18} </if>
		<if test = "inventoryAttributeUseInd19 != null">and inventory_attribute_use_ind19 = #{inventoryAttributeUseInd19} </if>
		<if test = "inventoryAttributeUseInd20 != null">and inventory_attribute_use_ind20 = #{inventoryAttributeUseInd20} </if>
		<if test = "inventoryAttributeUseInd21 != null">and inventory_attribute_use_ind21 = #{inventoryAttributeUseInd21} </if>
		<if test = "inventoryAttributeUseInd22 != null">and inventory_attribute_use_ind22 = #{inventoryAttributeUseInd22} </if>
		<if test = "inventoryAttributeUseInd23 != null">and inventory_attribute_use_ind23 = #{inventoryAttributeUseInd23} </if>
		<if test = "inventoryAttributeUseInd24 != null">and inventory_attribute_use_ind24 = #{inventoryAttributeUseInd24} </if>
		<if test = "inventoryAttributeUseInd25 != null">and inventory_attribute_use_ind25 = #{inventoryAttributeUseInd25} </if>
		<if test = "inventoryAttributeUseInd26 != null">and inventory_attribute_use_ind26 = #{inventoryAttributeUseInd26} </if>
		<if test = "inventoryAttributeUseInd27 != null">and inventory_attribute_use_ind27 = #{inventoryAttributeUseInd27} </if>
		<if test = "inventoryAttributeUseInd28 != null">and inventory_attribute_use_ind28 = #{inventoryAttributeUseInd28} </if>
		<if test = "inventoryAttributeUseInd29 != null">and inventory_attribute_use_ind29 = #{inventoryAttributeUseInd29} </if>
		<if test = "inventoryAttributeUseInd30 != null">and inventory_attribute_use_ind30 = #{inventoryAttributeUseInd30} </if>
		<if test = "mandatoryInd1 != null">and mandatory_ind1 = #{mandatoryInd1} </if>
		<if test = "mandatoryInd2 != null">and mandatory_ind2 = #{mandatoryInd2} </if>
		<if test = "mandatoryInd3 != null">and mandatory_ind3 = #{mandatoryInd3} </if>
		<if test = "mandatoryInd4 != null">and mandatory_ind4 = #{mandatoryInd4} </if>
		<if test = "mandatoryInd5 != null">and mandatory_ind5 = #{mandatoryInd5} </if>
		<if test = "mandatoryInd6 != null">and mandatory_ind6 = #{mandatoryInd6} </if>
		<if test = "mandatoryInd7 != null">and mandatory_ind7 = #{mandatoryInd7} </if>
		<if test = "mandatoryInd8 != null">and mandatory_ind8 = #{mandatoryInd8} </if>
		<if test = "mandatoryInd9 != null">and mandatory_ind9 = #{mandatoryInd9} </if>
		<if test = "mandatoryInd10 != null">and mandatory_ind10 = #{mandatoryInd10} </if>
		<if test = "mandatoryInd11 != null">and mandatory_ind11 = #{mandatoryInd11} </if>
		<if test = "mandatoryInd12 != null">and mandatory_ind12 = #{mandatoryInd12} </if>
		<if test = "mandatoryInd13 != null">and mandatory_ind13 = #{mandatoryInd13} </if>
		<if test = "mandatoryInd14 != null">and mandatory_ind14 = #{mandatoryInd14} </if>
		<if test = "mandatoryInd15 != null">and mandatory_ind15 = #{mandatoryInd15} </if>
		<if test = "mandatoryInd16 != null">and mandatory_ind16 = #{mandatoryInd16} </if>
		<if test = "mandatoryInd17 != null">and mandatory_ind17 = #{mandatoryInd17} </if>
		<if test = "mandatoryInd18 != null">and mandatory_ind18 = #{mandatoryInd18} </if>
		<if test = "mandatoryInd19 != null">and mandatory_ind19 = #{mandatoryInd19} </if>
		<if test = "mandatoryInd20 != null">and mandatory_ind20 = #{mandatoryInd20} </if>
		<if test = "mandatoryInd21 != null">and mandatory_ind21 = #{mandatoryInd21} </if>
		<if test = "mandatoryInd22 != null">and mandatory_ind22 = #{mandatoryInd22} </if>
		<if test = "mandatoryInd23 != null">and mandatory_ind23 = #{mandatoryInd23} </if>
		<if test = "mandatoryInd24 != null">and mandatory_ind24 = #{mandatoryInd24} </if>
		<if test = "mandatoryInd25 != null">and mandatory_ind25 = #{mandatoryInd25} </if>
		<if test = "mandatoryInd26 != null">and mandatory_ind26 = #{mandatoryInd26} </if>
		<if test = "mandatoryInd27 != null">and mandatory_ind27 = #{mandatoryInd27} </if>
		<if test = "mandatoryInd28 != null">and mandatory_ind28 = #{mandatoryInd28} </if>
		<if test = "mandatoryInd29 != null">and mandatory_ind29 = #{mandatoryInd29} </if>
		<if test = "mandatoryInd30 != null">and mandatory_ind30 = #{mandatoryInd30} </if>
	</select>

	<!-- update -->
	<update id="update" parameterType="system">
		update system_master
		<set>
			<if test="systemUserName != null">system_user_name = #{systemUserName},</if>
			<if test="rate1 != null">rate1 = #{rate1},</if>
			<if test="rate2 != null">rate2 = #{rate2},</if>
			<if test="rate3 != null">rate3 = #{rate3},</if>
			<if test="tax != null">tax = #{tax},</if>
			<if test="nextTax != null">next_tax = #{nextTax},</if>
			next_tax_start_date = #{nextTaxStartDate},
			<if test = "inventoryAttributeLabel1 != null">inventory_attributeLabel1 = #{inventoryAttributeLabel1},</if>
			<if test = "inventoryAttributeLabel2 != null">inventory_attributeLabel2 = #{inventoryAttributeLabel2},</if>
			<if test = "inventoryAttributeLabel3 != null">inventory_attributeLabel3 = #{inventoryAttributeLabel3},</if>
			<if test = "inventoryAttributeLabel4 != null">inventory_attributeLabel4 = #{inventoryAttributeLabel4},</if>
			<if test = "inventoryAttributeLabel5 != null">inventory_attributeLabel5 = #{inventoryAttributeLabel5},</if>
			<if test = "inventoryAttributeLabel6 != null">inventory_attributeLabel6 = #{inventoryAttributeLabel6},</if>
			<if test = "inventoryAttributeLabel7 != null">inventory_attributeLabel7 = #{inventoryAttributeLabel7},</if>
			<if test = "inventoryAttributeLabel8 != null">inventory_attributeLabel8 = #{inventoryAttributeLabel8},</if>
			<if test = "inventoryAttributeLabel9 != null">inventory_attributeLabel9 = #{inventoryAttributeLabel9},</if>
			<if test = "inventoryAttributeLabel10 != null">inventory_attributeLabel10 = #{inventoryAttributeLabel10},</if>
			<if test = "inventoryAttributeLabel11 != null">inventory_attributeLabel11 = #{inventoryAttributeLabel11},</if>
			<if test = "inventoryAttributeLabel12 != null">inventory_attributeLabel12 = #{inventoryAttributeLabel12},</if>
			<if test = "inventoryAttributeLabel13 != null">inventory_attributeLabel13 = #{inventoryAttributeLabel13},</if>
			<if test = "inventoryAttributeLabel14 != null">inventory_attributeLabel14 = #{inventoryAttributeLabel14},</if>
			<if test = "inventoryAttributeLabel15 != null">inventory_attributeLabel15 = #{inventoryAttributeLabel15},</if>
			<if test = "inventoryAttributeLabel16 != null">inventory_attributeLabel16 = #{inventoryAttributeLabel16},</if>
			<if test = "inventoryAttributeLabel17 != null">inventory_attributeLabel17 = #{inventoryAttributeLabel17},</if>
			<if test = "inventoryAttributeLabel18 != null">inventory_attributeLabel18 = #{inventoryAttributeLabel18},</if>
			<if test = "inventoryAttributeLabel19 != null">inventory_attributeLabel19 = #{inventoryAttributeLabel19},</if>
			<if test = "inventoryAttributeLabel20 != null">inventory_attributeLabel20 = #{inventoryAttributeLabel20},</if>
			<if test = "inventoryAttributeLabel21 != null">inventory_attributeLabel21 = #{inventoryAttributeLabel21},</if>
			<if test = "inventoryAttributeLabel22 != null">inventory_attributeLabel22 = #{inventoryAttributeLabel22},</if>
			<if test = "inventoryAttributeLabel23 != null">inventory_attributeLabel23 = #{inventoryAttributeLabel23},</if>
			<if test = "inventoryAttributeLabel24 != null">inventory_attributeLabel24 = #{inventoryAttributeLabel24},</if>
			<if test = "inventoryAttributeLabel25 != null">inventory_attributeLabel25 = #{inventoryAttributeLabel25},</if>
			<if test = "inventoryAttributeLabel26 != null">inventory_attributeLabel26 = #{inventoryAttributeLabel26},</if>
			<if test = "inventoryAttributeLabel27 != null">inventory_attributeLabel27 = #{inventoryAttributeLabel27},</if>
			<if test = "inventoryAttributeLabel28 != null">inventory_attributeLabel28 = #{inventoryAttributeLabel28},</if>
			<if test = "inventoryAttributeLabel29 != null">inventory_attributeLabel29 = #{inventoryAttributeLabel29},</if>
			<if test = "inventoryAttributeLabel30 != null">inventory_attributeLabel30 = #{inventoryAttributeLabel30},</if>
			<if test = "inventoryAttributeUseInd1 != null">inventory_attribute_use_ind1 = #{inventoryAttributeUseInd1},</if>
			<if test = "inventoryAttributeUseInd2 != null">inventory_attribute_use_ind2 = #{inventoryAttributeUseInd2},</if>
			<if test = "inventoryAttributeUseInd3 != null">inventory_attribute_use_ind3 = #{inventoryAttributeUseInd3},</if>
			<if test = "inventoryAttributeUseInd4 != null">inventory_attribute_use_ind4 = #{inventoryAttributeUseInd4},</if>
			<if test = "inventoryAttributeUseInd5 != null">inventory_attribute_use_ind5 = #{inventoryAttributeUseInd5},</if>
			<if test = "inventoryAttributeUseInd6 != null">inventory_attribute_use_ind6 = #{inventoryAttributeUseInd6},</if>
			<if test = "inventoryAttributeUseInd7 != null">inventory_attribute_use_ind7 = #{inventoryAttributeUseInd7},</if>
			<if test = "inventoryAttributeUseInd8 != null">inventory_attribute_use_ind8 = #{inventoryAttributeUseInd8},</if>
			<if test = "inventoryAttributeUseInd9 != null">inventory_attribute_use_ind9 = #{inventoryAttributeUseInd9},</if>
			<if test = "inventoryAttributeUseInd10 != null">inventory_attribute_use_ind10 = #{inventoryAttributeUseInd10},</if>
			<if test = "inventoryAttributeUseInd11 != null">inventory_attribute_use_ind11 = #{inventoryAttributeUseInd11},</if>
			<if test = "inventoryAttributeUseInd12 != null">inventory_attribute_use_ind12 = #{inventoryAttributeUseInd12},</if>
			<if test = "inventoryAttributeUseInd13 != null">inventory_attribute_use_ind13 = #{inventoryAttributeUseInd13},</if>
			<if test = "inventoryAttributeUseInd14 != null">inventory_attribute_use_ind14 = #{inventoryAttributeUseInd14},</if>
			<if test = "inventoryAttributeUseInd15 != null">inventory_attribute_use_ind15 = #{inventoryAttributeUseInd15},</if>
			<if test = "inventoryAttributeUseInd16 != null">inventory_attribute_use_ind16 = #{inventoryAttributeUseInd16},</if>
			<if test = "inventoryAttributeUseInd17 != null">inventory_attribute_use_ind17 = #{inventoryAttributeUseInd17},</if>
			<if test = "inventoryAttributeUseInd18 != null">inventory_attribute_use_ind18 = #{inventoryAttributeUseInd18},</if>
			<if test = "inventoryAttributeUseInd19 != null">inventory_attribute_use_ind19 = #{inventoryAttributeUseInd19},</if>
			<if test = "inventoryAttributeUseInd20 != null">inventory_attribute_use_ind20 = #{inventoryAttributeUseInd20},</if>
			<if test = "inventoryAttributeUseInd21 != null">inventory_attribute_use_ind21 = #{inventoryAttributeUseInd21},</if>
			<if test = "inventoryAttributeUseInd22 != null">inventory_attribute_use_ind22 = #{inventoryAttributeUseInd22},</if>
			<if test = "inventoryAttributeUseInd23 != null">inventory_attribute_use_ind23 = #{inventoryAttributeUseInd23},</if>
			<if test = "inventoryAttributeUseInd24 != null">inventory_attribute_use_ind24 = #{inventoryAttributeUseInd24},</if>
			<if test = "inventoryAttributeUseInd25 != null">inventory_attribute_use_ind25 = #{inventoryAttributeUseInd25},</if>
			<if test = "inventoryAttributeUseInd26 != null">inventory_attribute_use_ind26 = #{inventoryAttributeUseInd26},</if>
			<if test = "inventoryAttributeUseInd27 != null">inventory_attribute_use_ind27 = #{inventoryAttributeUseInd27},</if>
			<if test = "inventoryAttributeUseInd28 != null">inventory_attribute_use_ind28 = #{inventoryAttributeUseInd28},</if>
			<if test = "inventoryAttributeUseInd29 != null">inventory_attribute_use_ind29 = #{inventoryAttributeUseInd29},</if>
			<if test = "inventoryAttributeUseInd30 != null">inventory_attribute_use_ind30 = #{inventoryAttributeUseInd30},</if>
			<if test = "mandatoryInd1 != null">mandatory_ind1 = #{mandatoryInd1},</if>
			<if test = "mandatoryInd2 != null">mandatory_ind2 = #{mandatoryInd2},</if>
			<if test = "mandatoryInd3 != null">mandatory_ind3 = #{mandatoryInd3},</if>
			<if test = "mandatoryInd4 != null">mandatory_ind4 = #{mandatoryInd4},</if>
			<if test = "mandatoryInd5 != null">mandatory_ind5 = #{mandatoryInd5},</if>
			<if test = "mandatoryInd6 != null">mandatory_ind6 = #{mandatoryInd6},</if>
			<if test = "mandatoryInd7 != null">mandatory_ind7 = #{mandatoryInd7},</if>
			<if test = "mandatoryInd8 != null">mandatory_ind8 = #{mandatoryInd8},</if>
			<if test = "mandatoryInd9 != null">mandatory_ind9 = #{mandatoryInd9},</if>
			<if test = "mandatoryInd10 != null">mandatory_ind10 = #{mandatoryInd10},</if>
			<if test = "mandatoryInd11 != null">mandatory_ind11 = #{mandatoryInd11},</if>
			<if test = "mandatoryInd12 != null">mandatory_ind12 = #{mandatoryInd12},</if>
			<if test = "mandatoryInd13 != null">mandatory_ind13 = #{mandatoryInd13},</if>
			<if test = "mandatoryInd14 != null">mandatory_ind14 = #{mandatoryInd14},</if>
			<if test = "mandatoryInd15 != null">mandatory_ind15 = #{mandatoryInd15},</if>
			<if test = "mandatoryInd16 != null">mandatory_ind16 = #{mandatoryInd16},</if>
			<if test = "mandatoryInd17 != null">mandatory_ind17 = #{mandatoryInd17},</if>
			<if test = "mandatoryInd18 != null">mandatory_ind18 = #{mandatoryInd18},</if>
			<if test = "mandatoryInd19 != null">mandatory_ind19 = #{mandatoryInd19},</if>
			<if test = "mandatoryInd20 != null">mandatory_ind20 = #{mandatoryInd20},</if>
			<if test = "mandatoryInd21 != null">mandatory_ind21 = #{mandatoryInd21},</if>
			<if test = "mandatoryInd22 != null">mandatory_ind22 = #{mandatoryInd22},</if>
			<if test = "mandatoryInd23 != null">mandatory_ind23 = #{mandatoryInd23},</if>
			<if test = "mandatoryInd24 != null">mandatory_ind24 = #{mandatoryInd24},</if>
			<if test = "mandatoryInd25 != null">mandatory_ind25 = #{mandatoryInd25},</if>
			<if test = "mandatoryInd26 != null">mandatory_ind26 = #{mandatoryInd26},</if>
			<if test = "mandatoryInd27 != null">mandatory_ind27 = #{mandatoryInd27},</if>
			<if test = "mandatoryInd28 != null">mandatory_ind28 = #{mandatoryInd28},</if>
			<if test = "mandatoryInd29 != null">mandatory_ind29 = #{mandatoryInd29},</if>
			<if test = "mandatoryInd30 != null">mandatory_ind30 = #{mandatoryInd30},</if>
		</set>
		where
		system_user_code = #{systemUserCode}
	</update>

	<update id="updateByColumn" parameterType="map">
		update system_master
		<set>
			<if test="upd.systemUserName != null">system_user_name = #{upd.systemUserName},</if>
			<if test="upd.rate1 != null">rate1 = #{upd.rate1},</if>
			<if test="upd.rate2 != null">rate2 = #{upd.rate2},</if>
			<if test="upd.rate3 != null">rate3 = #{upd.rate3},</if>
			<if test="upd.tax != null">tax = #{upd.tax},</if>
			<if test="upd.nextTax != null">next_tax = #{upd.nextTax},</if>
			<if test="upd.nextTaxStartDate != null">next_tax_start_date = #{upd.nextTaxStartDate},</if>
			<if test = "upd.inventoryAttributeLabel1 != null">inventory_attributeLabel1 = #{upd.inventoryAttributeLabel1},</if>
			<if test = "upd.inventoryAttributeLabel2 != null">inventory_attributeLabel2 = #{upd.inventoryAttributeLabel2},</if>
			<if test = "upd.inventoryAttributeLabel3 != null">inventory_attributeLabel3 = #{upd.inventoryAttributeLabel3},</if>
			<if test = "upd.inventoryAttributeLabel4 != null">inventory_attributeLabel4 = #{upd.inventoryAttributeLabel4},</if>
			<if test = "upd.inventoryAttributeLabel5 != null">inventory_attributeLabel5 = #{upd.inventoryAttributeLabel5},</if>
			<if test = "upd.inventoryAttributeLabel6 != null">inventory_attributeLabel6 = #{upd.inventoryAttributeLabel6},</if>
			<if test = "upd.inventoryAttributeLabel7 != null">inventory_attributeLabel7 = #{upd.inventoryAttributeLabel7},</if>
			<if test = "upd.inventoryAttributeLabel8 != null">inventory_attributeLabel8 = #{upd.inventoryAttributeLabel8},</if>
			<if test = "upd.inventoryAttributeLabel9 != null">inventory_attributeLabel9 = #{upd.inventoryAttributeLabel9},</if>
			<if test = "upd.inventoryAttributeLabel10 != null">inventory_attributeLabel10 = #{upd.inventoryAttributeLabel10},</if>
			<if test = "upd.inventoryAttributeLabel11 != null">inventory_attributeLabel11 = #{upd.inventoryAttributeLabel11},</if>
			<if test = "upd.inventoryAttributeLabel12 != null">inventory_attributeLabel12 = #{upd.inventoryAttributeLabel12},</if>
			<if test = "upd.inventoryAttributeLabel13 != null">inventory_attributeLabel13 = #{upd.inventoryAttributeLabel13},</if>
			<if test = "upd.inventoryAttributeLabel14 != null">inventory_attributeLabel14 = #{upd.inventoryAttributeLabel14},</if>
			<if test = "upd.inventoryAttributeLabel15 != null">inventory_attributeLabel15 = #{upd.inventoryAttributeLabel15},</if>
			<if test = "upd.inventoryAttributeLabel16 != null">inventory_attributeLabel16 = #{upd.inventoryAttributeLabel16},</if>
			<if test = "upd.inventoryAttributeLabel17 != null">inventory_attributeLabel17 = #{upd.inventoryAttributeLabel17},</if>
			<if test = "upd.inventoryAttributeLabel18 != null">inventory_attributeLabel18 = #{upd.inventoryAttributeLabel18},</if>
			<if test = "upd.inventoryAttributeLabel19 != null">inventory_attributeLabel19 = #{upd.inventoryAttributeLabel19},</if>
			<if test = "upd.inventoryAttributeLabel20 != null">inventory_attributeLabel20 = #{upd.inventoryAttributeLabel20},</if>
			<if test = "upd.inventoryAttributeLabel21 != null">inventory_attributeLabel21 = #{upd.inventoryAttributeLabel21},</if>
			<if test = "upd.inventoryAttributeLabel22 != null">inventory_attributeLabel22 = #{upd.inventoryAttributeLabel22},</if>
			<if test = "upd.inventoryAttributeLabel23 != null">inventory_attributeLabel23 = #{upd.inventoryAttributeLabel23},</if>
			<if test = "upd.inventoryAttributeLabel24 != null">inventory_attributeLabel24 = #{upd.inventoryAttributeLabel24},</if>
			<if test = "upd.inventoryAttributeLabel25 != null">inventory_attributeLabel25 = #{upd.inventoryAttributeLabel25},</if>
			<if test = "upd.inventoryAttributeLabel26 != null">inventory_attributeLabel26 = #{upd.inventoryAttributeLabel26},</if>
			<if test = "upd.inventoryAttributeLabel27 != null">inventory_attributeLabel27 = #{upd.inventoryAttributeLabel27},</if>
			<if test = "upd.inventoryAttributeLabel28 != null">inventory_attributeLabel28 = #{upd.inventoryAttributeLabel28},</if>
			<if test = "upd.inventoryAttributeLabel29 != null">inventory_attributeLabel29 = #{upd.inventoryAttributeLabel29},</if>
			<if test = "upd.inventoryAttributeLabel30 != null">inventory_attributeLabel30 = #{upd.inventoryAttributeLabel30},</if>
			<if test = "upd.inventoryAttributeUseInd1 != null">inventory_attribute_use_ind1 = #{upd.inventoryAttributeUseInd1},</if>
			<if test = "upd.inventoryAttributeUseInd2 != null">inventory_attribute_use_ind2 = #{upd.inventoryAttributeUseInd2},</if>
			<if test = "upd.inventoryAttributeUseInd3 != null">inventory_attribute_use_ind3 = #{upd.inventoryAttributeUseInd3},</if>
			<if test = "upd.inventoryAttributeUseInd4 != null">inventory_attribute_use_ind4 = #{upd.inventoryAttributeUseInd4},</if>
			<if test = "upd.inventoryAttributeUseInd5 != null">inventory_attribute_use_ind5 = #{upd.inventoryAttributeUseInd5},</if>
			<if test = "upd.inventoryAttributeUseInd6 != null">inventory_attribute_use_ind6 = #{upd.inventoryAttributeUseInd6},</if>
			<if test = "upd.inventoryAttributeUseInd7 != null">inventory_attribute_use_ind7 = #{upd.inventoryAttributeUseInd7},</if>
			<if test = "upd.inventoryAttributeUseInd8 != null">inventory_attribute_use_ind8 = #{upd.inventoryAttributeUseInd8},</if>
			<if test = "upd.inventoryAttributeUseInd9 != null">inventory_attribute_use_ind9 = #{upd.inventoryAttributeUseInd9},</if>
			<if test = "upd.inventoryAttributeUseInd10 != null">inventory_attribute_use_ind10 = #{upd.inventoryAttributeUseInd10},</if>
			<if test = "upd.inventoryAttributeUseInd11 != null">inventory_attribute_use_ind11 = #{upd.inventoryAttributeUseInd11},</if>
			<if test = "upd.inventoryAttributeUseInd12 != null">inventory_attribute_use_ind12 = #{upd.inventoryAttributeUseInd12},</if>
			<if test = "upd.inventoryAttributeUseInd13 != null">inventory_attribute_use_ind13 = #{upd.inventoryAttributeUseInd13},</if>
			<if test = "upd.inventoryAttributeUseInd14 != null">inventory_attribute_use_ind14 = #{upd.inventoryAttributeUseInd14},</if>
			<if test = "upd.inventoryAttributeUseInd15 != null">inventory_attribute_use_ind15 = #{upd.inventoryAttributeUseInd15},</if>
			<if test = "upd.inventoryAttributeUseInd16 != null">inventory_attribute_use_ind16 = #{upd.inventoryAttributeUseInd16},</if>
			<if test = "upd.inventoryAttributeUseInd17 != null">inventory_attribute_use_ind17 = #{upd.inventoryAttributeUseInd17},</if>
			<if test = "upd.inventoryAttributeUseInd18 != null">inventory_attribute_use_ind18 = #{upd.inventoryAttributeUseInd18},</if>
			<if test = "upd.inventoryAttributeUseInd19 != null">inventory_attribute_use_ind19 = #{upd.inventoryAttributeUseInd19},</if>
			<if test = "upd.inventoryAttributeUseInd20 != null">inventory_attribute_use_ind20 = #{upd.inventoryAttributeUseInd20},</if>
			<if test = "upd.inventoryAttributeUseInd21 != null">inventory_attribute_use_ind21 = #{upd.inventoryAttributeUseInd21},</if>
			<if test = "upd.inventoryAttributeUseInd22 != null">inventory_attribute_use_ind22 = #{upd.inventoryAttributeUseInd22},</if>
			<if test = "upd.inventoryAttributeUseInd23 != null">inventory_attribute_use_ind23 = #{upd.inventoryAttributeUseInd23},</if>
			<if test = "upd.inventoryAttributeUseInd24 != null">inventory_attribute_use_ind24 = #{upd.inventoryAttributeUseInd24},</if>
			<if test = "upd.inventoryAttributeUseInd25 != null">inventory_attribute_use_ind25 = #{upd.inventoryAttributeUseInd25},</if>
			<if test = "upd.inventoryAttributeUseInd26 != null">inventory_attribute_use_ind26 = #{upd.inventoryAttributeUseInd26},</if>
			<if test = "upd.inventoryAttributeUseInd27 != null">inventory_attribute_use_ind27 = #{upd.inventoryAttributeUseInd27},</if>
			<if test = "upd.inventoryAttributeUseInd28 != null">inventory_attribute_use_ind28 = #{upd.inventoryAttributeUseInd28},</if>
			<if test = "upd.inventoryAttributeUseInd29 != null">inventory_attribute_use_ind29 = #{upd.inventoryAttributeUseInd29},</if>
			<if test = "upd.inventoryAttributeUseInd30 != null">inventory_attribute_use_ind30 = #{upd.inventoryAttributeUseInd30},</if>
			<if test = "upd.mandatoryInd1 != null">mandatory_ind1 = #{upd.mandatoryInd1},</if>
			<if test = "upd.mandatoryInd2 != null">mandatory_ind2 = #{upd.mandatoryInd2},</if>
			<if test = "upd.mandatoryInd3 != null">mandatory_ind3 = #{upd.mandatoryInd3},</if>
			<if test = "upd.mandatoryInd4 != null">mandatory_ind4 = #{upd.mandatoryInd4},</if>
			<if test = "upd.mandatoryInd5 != null">mandatory_ind5 = #{upd.mandatoryInd5},</if>
			<if test = "upd.mandatoryInd6 != null">mandatory_ind6 = #{upd.mandatoryInd6},</if>
			<if test = "upd.mandatoryInd7 != null">mandatory_ind7 = #{upd.mandatoryInd7},</if>
			<if test = "upd.mandatoryInd8 != null">mandatory_ind8 = #{upd.mandatoryInd8},</if>
			<if test = "upd.mandatoryInd9 != null">mandatory_ind9 = #{upd.mandatoryInd9},</if>
			<if test = "upd.mandatoryInd10 != null">mandatory_ind10 = #{upd.mandatoryInd10},</if>
			<if test = "upd.mandatoryInd11 != null">mandatory_ind11 = #{upd.mandatoryInd11},</if>
			<if test = "upd.mandatoryInd12 != null">mandatory_ind12 = #{upd.mandatoryInd12},</if>
			<if test = "upd.mandatoryInd13 != null">mandatory_ind13 = #{upd.mandatoryInd13},</if>
			<if test = "upd.mandatoryInd14 != null">mandatory_ind14 = #{upd.mandatoryInd14},</if>
			<if test = "upd.mandatoryInd15 != null">mandatory_ind15 = #{upd.mandatoryInd15},</if>
			<if test = "upd.mandatoryInd16 != null">mandatory_ind16 = #{upd.mandatoryInd16},</if>
			<if test = "upd.mandatoryInd17 != null">mandatory_ind17 = #{upd.mandatoryInd17},</if>
			<if test = "upd.mandatoryInd18 != null">mandatory_ind18 = #{upd.mandatoryInd18},</if>
			<if test = "upd.mandatoryInd19 != null">mandatory_ind19 = #{upd.mandatoryInd19},</if>
			<if test = "upd.mandatoryInd20 != null">mandatory_ind20 = #{upd.mandatoryInd20},</if>
			<if test = "upd.mandatoryInd21 != null">mandatory_ind21 = #{upd.mandatoryInd21},</if>
			<if test = "upd.mandatoryInd22 != null">mandatory_ind22 = #{upd.mandatoryInd22},</if>
			<if test = "upd.mandatoryInd23 != null">mandatory_ind23 = #{upd.mandatoryInd23},</if>
			<if test = "upd.mandatoryInd24 != null">mandatory_ind24 = #{upd.mandatoryInd24},</if>
			<if test = "upd.mandatoryInd25 != null">mandatory_ind25 = #{upd.mandatoryInd25},</if>
			<if test = "upd.mandatoryInd26 != null">mandatory_ind26 = #{upd.mandatoryInd26},</if>
			<if test = "upd.mandatoryInd27 != null">mandatory_ind27 = #{upd.mandatoryInd27},</if>
			<if test = "upd.mandatoryInd28 != null">mandatory_ind28 = #{upd.mandatoryInd28},</if>
			<if test = "upd.mandatoryInd29 != null">mandatory_ind29 = #{upd.mandatoryInd29},</if>
			<if test = "upd.mandatoryInd30 != null">mandatory_ind30 = #{upd.mandatoryInd30},</if>
		</set>
		where
		1=1
		<if test="crt.systemUserCode != null">and system_user_code = #{crt.systemUserCode}</if>
		<if test="crt.systemUserName != null">and system_user_name = #{crt.systemUserName}</if>
		<if test="crt.rate1 != null">and rate1 = #{crt.rate1}</if>
		<if test="crt.rate2 != null">and rate2 = #{crt.rate2}</if>
		<if test="crt.rate3 != null">and rate3 = #{crt.rate3}</if>
		<if test="crt.tax != null">and tax = #{crt.tax}</if>
		<if test="crt.nextTax != null">and next_tax = #{crt.nextTax}</if>
		<if test="crt.nextTaxStartDate != null">and next_tax_start_date = #{crt.nextTaxStartDate}</if>
		<if test = "crt.inventoryAttributeLabel1 != null">and inventory_attributeLabel1 = #{crt.inventoryAttributeLabel1} </if>
		<if test = "crt.inventoryAttributeLabel2 != null">and inventory_attributeLabel2 = #{crt.inventoryAttributeLabel2} </if>
		<if test = "crt.inventoryAttributeLabel3 != null">and inventory_attributeLabel3 = #{crt.inventoryAttributeLabel3} </if>
		<if test = "crt.inventoryAttributeLabel4 != null">and inventory_attributeLabel4 = #{crt.inventoryAttributeLabel4} </if>
		<if test = "crt.inventoryAttributeLabel5 != null">and inventory_attributeLabel5 = #{crt.inventoryAttributeLabel5} </if>
		<if test = "crt.inventoryAttributeLabel6 != null">and inventory_attributeLabel6 = #{crt.inventoryAttributeLabel6} </if>
		<if test = "crt.inventoryAttributeLabel7 != null">and inventory_attributeLabel7 = #{crt.inventoryAttributeLabel7} </if>
		<if test = "crt.inventoryAttributeLabel8 != null">and inventory_attributeLabel8 = #{crt.inventoryAttributeLabel8} </if>
		<if test = "crt.inventoryAttributeLabel9 != null">and inventory_attributeLabel9 = #{crt.inventoryAttributeLabel9} </if>
		<if test = "crt.inventoryAttributeLabel10 != null">and inventory_attributeLabel10 = #{crt.inventoryAttributeLabel10} </if>
		<if test = "crt.inventoryAttributeLabel11 != null">and inventory_attributeLabel11 = #{crt.inventoryAttributeLabel11} </if>
		<if test = "crt.inventoryAttributeLabel12 != null">and inventory_attributeLabel12 = #{crt.inventoryAttributeLabel12} </if>
		<if test = "crt.inventoryAttributeLabel13 != null">and inventory_attributeLabel13 = #{crt.inventoryAttributeLabel13} </if>
		<if test = "crt.inventoryAttributeLabel14 != null">and inventory_attributeLabel14 = #{crt.inventoryAttributeLabel14} </if>
		<if test = "crt.inventoryAttributeLabel15 != null">and inventory_attributeLabel15 = #{crt.inventoryAttributeLabel15} </if>
		<if test = "crt.inventoryAttributeLabel16 != null">and inventory_attributeLabel16 = #{crt.inventoryAttributeLabel16} </if>
		<if test = "crt.inventoryAttributeLabel17 != null">and inventory_attributeLabel17 = #{crt.inventoryAttributeLabel17} </if>
		<if test = "crt.inventoryAttributeLabel18 != null">and inventory_attributeLabel18 = #{crt.inventoryAttributeLabel18} </if>
		<if test = "crt.inventoryAttributeLabel19 != null">and inventory_attributeLabel19 = #{crt.inventoryAttributeLabel19} </if>
		<if test = "crt.inventoryAttributeLabel20 != null">and inventory_attributeLabel20 = #{crt.inventoryAttributeLabel20} </if>
		<if test = "crt.inventoryAttributeLabel21 != null">and inventory_attributeLabel21 = #{crt.inventoryAttributeLabel21} </if>
		<if test = "crt.inventoryAttributeLabel22 != null">and inventory_attributeLabel22 = #{crt.inventoryAttributeLabel22} </if>
		<if test = "crt.inventoryAttributeLabel23 != null">and inventory_attributeLabel23 = #{crt.inventoryAttributeLabel23} </if>
		<if test = "crt.inventoryAttributeLabel24 != null">and inventory_attributeLabel24 = #{crt.inventoryAttributeLabel24} </if>
		<if test = "crt.inventoryAttributeLabel25 != null">and inventory_attributeLabel25 = #{crt.inventoryAttributeLabel25} </if>
		<if test = "crt.inventoryAttributeLabel26 != null">and inventory_attributeLabel26 = #{crt.inventoryAttributeLabel26} </if>
		<if test = "crt.inventoryAttributeLabel27 != null">and inventory_attributeLabel27 = #{crt.inventoryAttributeLabel27} </if>
		<if test = "crt.inventoryAttributeLabel28 != null">and inventory_attributeLabel28 = #{crt.inventoryAttributeLabel28} </if>
		<if test = "crt.inventoryAttributeLabel29 != null">and inventory_attributeLabel29 = #{crt.inventoryAttributeLabel29} </if>
		<if test = "crt.inventoryAttributeLabel30 != null">and inventory_attributeLabel30 = #{crt.inventoryAttributeLabel30} </if>
		<if test = "crt.inventoryAttributeUseInd1 != null">and inventory_attribute_use_ind1 = #{crt.inventoryAttributeUseInd1} </if>
		<if test = "crt.inventoryAttributeUseInd2 != null">and inventory_attribute_use_ind2 = #{crt.inventoryAttributeUseInd2} </if>
		<if test = "crt.inventoryAttributeUseInd3 != null">and inventory_attribute_use_ind3 = #{crt.inventoryAttributeUseInd3} </if>
		<if test = "crt.inventoryAttributeUseInd4 != null">and inventory_attribute_use_ind4 = #{crt.inventoryAttributeUseInd4} </if>
		<if test = "crt.inventoryAttributeUseInd5 != null">and inventory_attribute_use_ind5 = #{crt.inventoryAttributeUseInd5} </if>
		<if test = "crt.inventoryAttributeUseInd6 != null">and inventory_attribute_use_ind6 = #{crt.inventoryAttributeUseInd6} </if>
		<if test = "crt.inventoryAttributeUseInd7 != null">and inventory_attribute_use_ind7 = #{crt.inventoryAttributeUseInd7} </if>
		<if test = "crt.inventoryAttributeUseInd8 != null">and inventory_attribute_use_ind8 = #{crt.inventoryAttributeUseInd8} </if>
		<if test = "crt.inventoryAttributeUseInd9 != null">and inventory_attribute_use_ind9 = #{crt.inventoryAttributeUseInd9} </if>
		<if test = "crt.inventoryAttributeUseInd10 != null">and inventory_attribute_use_ind10 = #{crt.inventoryAttributeUseInd10} </if>
		<if test = "crt.inventoryAttributeUseInd11 != null">and inventory_attribute_use_ind11 = #{crt.inventoryAttributeUseInd11} </if>
		<if test = "crt.inventoryAttributeUseInd12 != null">and inventory_attribute_use_ind12 = #{crt.inventoryAttributeUseInd12} </if>
		<if test = "crt.inventoryAttributeUseInd13 != null">and inventory_attribute_use_ind13 = #{crt.inventoryAttributeUseInd13} </if>
		<if test = "crt.inventoryAttributeUseInd14 != null">and inventory_attribute_use_ind14 = #{crt.inventoryAttributeUseInd14} </if>
		<if test = "crt.inventoryAttributeUseInd15 != null">and inventory_attribute_use_ind15 = #{crt.inventoryAttributeUseInd15} </if>
		<if test = "crt.inventoryAttributeUseInd16 != null">and inventory_attribute_use_ind16 = #{crt.inventoryAttributeUseInd16} </if>
		<if test = "crt.inventoryAttributeUseInd17 != null">and inventory_attribute_use_ind17 = #{crt.inventoryAttributeUseInd17} </if>
		<if test = "crt.inventoryAttributeUseInd18 != null">and inventory_attribute_use_ind18 = #{crt.inventoryAttributeUseInd18} </if>
		<if test = "crt.inventoryAttributeUseInd19 != null">and inventory_attribute_use_ind19 = #{crt.inventoryAttributeUseInd19} </if>
		<if test = "crt.inventoryAttributeUseInd20 != null">and inventory_attribute_use_ind20 = #{crt.inventoryAttributeUseInd20} </if>
		<if test = "crt.inventoryAttributeUseInd21 != null">and inventory_attribute_use_ind21 = #{crt.inventoryAttributeUseInd21} </if>
		<if test = "crt.inventoryAttributeUseInd22 != null">and inventory_attribute_use_ind22 = #{crt.inventoryAttributeUseInd22} </if>
		<if test = "crt.inventoryAttributeUseInd23 != null">and inventory_attribute_use_ind23 = #{crt.inventoryAttributeUseInd23} </if>
		<if test = "crt.inventoryAttributeUseInd24 != null">and inventory_attribute_use_ind24 = #{crt.inventoryAttributeUseInd24} </if>
		<if test = "crt.inventoryAttributeUseInd25 != null">and inventory_attribute_use_ind25 = #{crt.inventoryAttributeUseInd25} </if>
		<if test = "crt.inventoryAttributeUseInd26 != null">and inventory_attribute_use_ind26 = #{crt.inventoryAttributeUseInd26} </if>
		<if test = "crt.inventoryAttributeUseInd27 != null">and inventory_attribute_use_ind27 = #{crt.inventoryAttributeUseInd27} </if>
		<if test = "crt.inventoryAttributeUseInd28 != null">and inventory_attribute_use_ind28 = #{crt.inventoryAttributeUseInd28} </if>
		<if test = "crt.inventoryAttributeUseInd29 != null">and inventory_attribute_use_ind29 = #{crt.inventoryAttributeUseInd29} </if>
		<if test = "crt.inventoryAttributeUseInd30 != null">and inventory_attribute_use_ind30 = #{crt.inventoryAttributeUseInd30} </if>
		<if test = "crt.mandatoryInd1 != null">and mandatory_ind1 = #{crt.mandatoryInd1} </if>
		<if test = "crt.mandatoryInd2 != null">and mandatory_ind2 = #{crt.mandatoryInd2} </if>
		<if test = "crt.mandatoryInd3 != null">and mandatory_ind3 = #{crt.mandatoryInd3} </if>
		<if test = "crt.mandatoryInd4 != null">and mandatory_ind4 = #{crt.mandatoryInd4} </if>
		<if test = "crt.mandatoryInd5 != null">and mandatory_ind5 = #{crt.mandatoryInd5} </if>
		<if test = "crt.mandatoryInd6 != null">and mandatory_ind6 = #{crt.mandatoryInd6} </if>
		<if test = "crt.mandatoryInd7 != null">and mandatory_ind7 = #{crt.mandatoryInd7} </if>
		<if test = "crt.mandatoryInd8 != null">and mandatory_ind8 = #{crt.mandatoryInd8} </if>
		<if test = "crt.mandatoryInd9 != null">and mandatory_ind9 = #{crt.mandatoryInd9} </if>
		<if test = "crt.mandatoryInd10 != null">and mandatory_ind10 = #{crt.mandatoryInd10} </if>
		<if test = "crt.mandatoryInd11 != null">and mandatory_ind11 = #{crt.mandatoryInd11} </if>
		<if test = "crt.mandatoryInd12 != null">and mandatory_ind12 = #{crt.mandatoryInd12} </if>
		<if test = "crt.mandatoryInd13 != null">and mandatory_ind13 = #{crt.mandatoryInd13} </if>
		<if test = "crt.mandatoryInd14 != null">and mandatory_ind14 = #{crt.mandatoryInd14} </if>
		<if test = "crt.mandatoryInd15 != null">and mandatory_ind15 = #{crt.mandatoryInd15} </if>
		<if test = "crt.mandatoryInd16 != null">and mandatory_ind16 = #{crt.mandatoryInd16} </if>
		<if test = "crt.mandatoryInd17 != null">and mandatory_ind17 = #{crt.mandatoryInd17} </if>
		<if test = "crt.mandatoryInd18 != null">and mandatory_ind18 = #{crt.mandatoryInd18} </if>
		<if test = "crt.mandatoryInd19 != null">and mandatory_ind19 = #{crt.mandatoryInd19} </if>
		<if test = "crt.mandatoryInd20 != null">and mandatory_ind20 = #{crt.mandatoryInd20} </if>
		<if test = "crt.mandatoryInd21 != null">and mandatory_ind21 = #{crt.mandatoryInd21} </if>
		<if test = "crt.mandatoryInd22 != null">and mandatory_ind22 = #{crt.mandatoryInd22} </if>
		<if test = "crt.mandatoryInd23 != null">and mandatory_ind23 = #{crt.mandatoryInd23} </if>
		<if test = "crt.mandatoryInd24 != null">and mandatory_ind24 = #{crt.mandatoryInd24} </if>
		<if test = "crt.mandatoryInd25 != null">and mandatory_ind25 = #{crt.mandatoryInd25} </if>
		<if test = "crt.mandatoryInd26 != null">and mandatory_ind26 = #{crt.mandatoryInd26} </if>
		<if test = "crt.mandatoryInd27 != null">and mandatory_ind27 = #{crt.mandatoryInd27} </if>
		<if test = "crt.mandatoryInd28 != null">and mandatory_ind28 = #{crt.mandatoryInd28} </if>
		<if test = "crt.mandatoryInd29 != null">and mandatory_ind29 = #{crt.mandatoryInd29} </if>
		<if test = "crt.mandatoryInd30 != null">and mandatory_ind30 = #{crt.mandatoryInd30} </if>
	</update>

	<!-- delete -->
	<delete id="delete" parameterType="String">
		delete from system_master
		where
		system_user_code = #{systemUserCode}
	</delete>

	<delete id="deleteByColumn" parameterType="system">
		delete from system_master
		where
		1=1
		<if test="systemUserCode != null">and system_user_code = #{systemUserCode}</if>
		<if test="systemUserName != null">and system_user_name = #{systemUserName}</if>
		<if test="rate1 != null">and rate1 = #{rate1}</if>
		<if test="rate2 != null">and rate2 = #{rate2}</if>
		<if test="rate3 != null">and rate3 = #{rate3}</if>
		<if test="tax != null">and tax = #{tax}</if>
		<if test="nextTax != null">and next_tax = #{nextTax}</if>
		<if test="nextTaxStartDate != null">and next_tax_start_date = #{nextTaxStartDate}</if>
		<if test = "inventoryAttributeLabel1 != null">and inventory_attributeLabel1 = #{inventoryAttributeLabel1} </if>
		<if test = "inventoryAttributeLabel2 != null">and inventory_attributeLabel2 = #{inventoryAttributeLabel2} </if>
		<if test = "inventoryAttributeLabel3 != null">and inventory_attributeLabel3 = #{inventoryAttributeLabel3} </if>
		<if test = "inventoryAttributeLabel4 != null">and inventory_attributeLabel4 = #{inventoryAttributeLabel4} </if>
		<if test = "inventoryAttributeLabel5 != null">and inventory_attributeLabel5 = #{inventoryAttributeLabel5} </if>
		<if test = "inventoryAttributeLabel6 != null">and inventory_attributeLabel6 = #{inventoryAttributeLabel6} </if>
		<if test = "inventoryAttributeLabel7 != null">and inventory_attributeLabel7 = #{inventoryAttributeLabel7} </if>
		<if test = "inventoryAttributeLabel8 != null">and inventory_attributeLabel8 = #{inventoryAttributeLabel8} </if>
		<if test = "inventoryAttributeLabel9 != null">and inventory_attributeLabel9 = #{inventoryAttributeLabel9} </if>
		<if test = "inventoryAttributeLabel10 != null">and inventory_attributeLabel10 = #{inventoryAttributeLabel10} </if>
		<if test = "inventoryAttributeLabel11 != null">and inventory_attributeLabel11 = #{inventoryAttributeLabel11} </if>
		<if test = "inventoryAttributeLabel12 != null">and inventory_attributeLabel12 = #{inventoryAttributeLabel12} </if>
		<if test = "inventoryAttributeLabel13 != null">and inventory_attributeLabel13 = #{inventoryAttributeLabel13} </if>
		<if test = "inventoryAttributeLabel14 != null">and inventory_attributeLabel14 = #{inventoryAttributeLabel14} </if>
		<if test = "inventoryAttributeLabel15 != null">and inventory_attributeLabel15 = #{inventoryAttributeLabel15} </if>
		<if test = "inventoryAttributeLabel16 != null">and inventory_attributeLabel16 = #{inventoryAttributeLabel16} </if>
		<if test = "inventoryAttributeLabel17 != null">and inventory_attributeLabel17 = #{inventoryAttributeLabel17} </if>
		<if test = "inventoryAttributeLabel18 != null">and inventory_attributeLabel18 = #{inventoryAttributeLabel18} </if>
		<if test = "inventoryAttributeLabel19 != null">and inventory_attributeLabel19 = #{inventoryAttributeLabel19} </if>
		<if test = "inventoryAttributeLabel20 != null">and inventory_attributeLabel20 = #{inventoryAttributeLabel20} </if>
		<if test = "inventoryAttributeLabel21 != null">and inventory_attributeLabel21 = #{inventoryAttributeLabel21} </if>
		<if test = "inventoryAttributeLabel22 != null">and inventory_attributeLabel22 = #{inventoryAttributeLabel22} </if>
		<if test = "inventoryAttributeLabel23 != null">and inventory_attributeLabel23 = #{inventoryAttributeLabel23} </if>
		<if test = "inventoryAttributeLabel24 != null">and inventory_attributeLabel24 = #{inventoryAttributeLabel24} </if>
		<if test = "inventoryAttributeLabel25 != null">and inventory_attributeLabel25 = #{inventoryAttributeLabel25} </if>
		<if test = "inventoryAttributeLabel26 != null">and inventory_attributeLabel26 = #{inventoryAttributeLabel26} </if>
		<if test = "inventoryAttributeLabel27 != null">and inventory_attributeLabel27 = #{inventoryAttributeLabel27} </if>
		<if test = "inventoryAttributeLabel28 != null">and inventory_attributeLabel28 = #{inventoryAttributeLabel28} </if>
		<if test = "inventoryAttributeLabel29 != null">and inventory_attributeLabel29 = #{inventoryAttributeLabel29} </if>
		<if test = "inventoryAttributeLabel30 != null">and inventory_attributeLabel30 = #{inventoryAttributeLabel30} </if>
		<if test = "inventoryAttributeUseInd1 != null">and inventory_attribute_use_ind1 = #{inventoryAttributeUseInd1} </if>
		<if test = "inventoryAttributeUseInd2 != null">and inventory_attribute_use_ind2 = #{inventoryAttributeUseInd2} </if>
		<if test = "inventoryAttributeUseInd3 != null">and inventory_attribute_use_ind3 = #{inventoryAttributeUseInd3} </if>
		<if test = "inventoryAttributeUseInd4 != null">and inventory_attribute_use_ind4 = #{inventoryAttributeUseInd4} </if>
		<if test = "inventoryAttributeUseInd5 != null">and inventory_attribute_use_ind5 = #{inventoryAttributeUseInd5} </if>
		<if test = "inventoryAttributeUseInd6 != null">and inventory_attribute_use_ind6 = #{inventoryAttributeUseInd6} </if>
		<if test = "inventoryAttributeUseInd7 != null">and inventory_attribute_use_ind7 = #{inventoryAttributeUseInd7} </if>
		<if test = "inventoryAttributeUseInd8 != null">and inventory_attribute_use_ind8 = #{inventoryAttributeUseInd8} </if>
		<if test = "inventoryAttributeUseInd9 != null">and inventory_attribute_use_ind9 = #{inventoryAttributeUseInd9} </if>
		<if test = "inventoryAttributeUseInd10 != null">and inventory_attribute_use_ind10 = #{inventoryAttributeUseInd10} </if>
		<if test = "inventoryAttributeUseInd11 != null">and inventory_attribute_use_ind11 = #{inventoryAttributeUseInd11} </if>
		<if test = "inventoryAttributeUseInd12 != null">and inventory_attribute_use_ind12 = #{inventoryAttributeUseInd12} </if>
		<if test = "inventoryAttributeUseInd13 != null">and inventory_attribute_use_ind13 = #{inventoryAttributeUseInd13} </if>
		<if test = "inventoryAttributeUseInd14 != null">and inventory_attribute_use_ind14 = #{inventoryAttributeUseInd14} </if>
		<if test = "inventoryAttributeUseInd15 != null">and inventory_attribute_use_ind15 = #{inventoryAttributeUseInd15} </if>
		<if test = "inventoryAttributeUseInd16 != null">and inventory_attribute_use_ind16 = #{inventoryAttributeUseInd16} </if>
		<if test = "inventoryAttributeUseInd17 != null">and inventory_attribute_use_ind17 = #{inventoryAttributeUseInd17} </if>
		<if test = "inventoryAttributeUseInd18 != null">and inventory_attribute_use_ind18 = #{inventoryAttributeUseInd18} </if>
		<if test = "inventoryAttributeUseInd19 != null">and inventory_attribute_use_ind19 = #{inventoryAttributeUseInd19} </if>
		<if test = "inventoryAttributeUseInd20 != null">and inventory_attribute_use_ind20 = #{inventoryAttributeUseInd20} </if>
		<if test = "inventoryAttributeUseInd21 != null">and inventory_attribute_use_ind21 = #{inventoryAttributeUseInd21} </if>
		<if test = "inventoryAttributeUseInd22 != null">and inventory_attribute_use_ind22 = #{inventoryAttributeUseInd22} </if>
		<if test = "inventoryAttributeUseInd23 != null">and inventory_attribute_use_ind23 = #{inventoryAttributeUseInd23} </if>
		<if test = "inventoryAttributeUseInd24 != null">and inventory_attribute_use_ind24 = #{inventoryAttributeUseInd24} </if>
		<if test = "inventoryAttributeUseInd25 != null">and inventory_attribute_use_ind25 = #{inventoryAttributeUseInd25} </if>
		<if test = "inventoryAttributeUseInd26 != null">and inventory_attribute_use_ind26 = #{inventoryAttributeUseInd26} </if>
		<if test = "inventoryAttributeUseInd27 != null">and inventory_attribute_use_ind27 = #{inventoryAttributeUseInd27} </if>
		<if test = "inventoryAttributeUseInd28 != null">and inventory_attribute_use_ind28 = #{inventoryAttributeUseInd28} </if>
		<if test = "inventoryAttributeUseInd29 != null">and inventory_attribute_use_ind29 = #{inventoryAttributeUseInd29} </if>
		<if test = "inventoryAttributeUseInd30 != null">and inventory_attribute_use_ind30 = #{inventoryAttributeUseInd30} </if>
		<if test = "mandatoryInd1 != null">and mandatory_ind1 = #{mandatoryInd1} </if>
		<if test = "mandatoryInd2 != null">and mandatory_ind2 = #{mandatoryInd2} </if>
		<if test = "mandatoryInd3 != null">and mandatory_ind3 = #{mandatoryInd3} </if>
		<if test = "mandatoryInd4 != null">and mandatory_ind4 = #{mandatoryInd4} </if>
		<if test = "mandatoryInd5 != null">and mandatory_ind5 = #{mandatoryInd5} </if>
		<if test = "mandatoryInd6 != null">and mandatory_ind6 = #{mandatoryInd6} </if>
		<if test = "mandatoryInd7 != null">and mandatory_ind7 = #{mandatoryInd7} </if>
		<if test = "mandatoryInd8 != null">and mandatory_ind8 = #{mandatoryInd8} </if>
		<if test = "mandatoryInd9 != null">and mandatory_ind9 = #{mandatoryInd9} </if>
		<if test = "mandatoryInd10 != null">and mandatory_ind10 = #{mandatoryInd10} </if>
		<if test = "mandatoryInd11 != null">and mandatory_ind11 = #{mandatoryInd11} </if>
		<if test = "mandatoryInd12 != null">and mandatory_ind12 = #{mandatoryInd12} </if>
		<if test = "mandatoryInd13 != null">and mandatory_ind13 = #{mandatoryInd13} </if>
		<if test = "mandatoryInd14 != null">and mandatory_ind14 = #{mandatoryInd14} </if>
		<if test = "mandatoryInd15 != null">and mandatory_ind15 = #{mandatoryInd15} </if>
		<if test = "mandatoryInd16 != null">and mandatory_ind16 = #{mandatoryInd16} </if>
		<if test = "mandatoryInd17 != null">and mandatory_ind17 = #{mandatoryInd17} </if>
		<if test = "mandatoryInd18 != null">and mandatory_ind18 = #{mandatoryInd18} </if>
		<if test = "mandatoryInd19 != null">and mandatory_ind19 = #{mandatoryInd19} </if>
		<if test = "mandatoryInd20 != null">and mandatory_ind20 = #{mandatoryInd20} </if>
		<if test = "mandatoryInd21 != null">and mandatory_ind21 = #{mandatoryInd21} </if>
		<if test = "mandatoryInd22 != null">and mandatory_ind22 = #{mandatoryInd22} </if>
		<if test = "mandatoryInd23 != null">and mandatory_ind23 = #{mandatoryInd23} </if>
		<if test = "mandatoryInd24 != null">and mandatory_ind24 = #{mandatoryInd24} </if>
		<if test = "mandatoryInd25 != null">and mandatory_ind25 = #{mandatoryInd25} </if>
		<if test = "mandatoryInd26 != null">and mandatory_ind26 = #{mandatoryInd26} </if>
		<if test = "mandatoryInd27 != null">and mandatory_ind27 = #{mandatoryInd27} </if>
		<if test = "mandatoryInd28 != null">and mandatory_ind28 = #{mandatoryInd28} </if>
		<if test = "mandatoryInd29 != null">and mandatory_ind29 = #{mandatoryInd29} </if>
		<if test = "mandatoryInd30 != null">and mandatory_ind30 = #{mandatoryInd30} </if>
	</delete>

	<!-- findAll -->
	<select id="findAll" resultMap="result">
		select * from system_master
	</select>
</mapper>
