<?xml version="1.0" encoding="UTF-8" ?>
<!DOCTYPE mapper
PUBLIC "-//mybatis.org//DTD Mapper 3.0//EN"
"http://mybatis.org/dtd/mybatis-3-mapper.dtd">
<mapper namespace="user">
	<resultMap type="user" id="result">
		<id column="USER_CD" property="userCd" />
		<id column="TEKIYO_KAISHIBI" property="tekiyoKaishibi" />
		<result column="TEKIYO_MEI" property="tekiyoMei" />
		<result column="USER_MEI" property="userMei" />
		<result column="USER_MEI_EIJI" property="userMeiEiji" />
		<result column="MAIL_ADDRESS" property="MailAddress" />
		<result column="SHOZOKU_KASHO_CD" property="shozokuKashoCd" />
		<result column="MENU_ID" property="menuId" />
		<result column="THEME" property="theme" />
		<result column="BIKO_1" property="biko1" />
		<result column="BIKO_2" property="biko2" />
		<result column="BIKO_3" property="biko3" />
		<result column="BIKO_4" property="biko4" />
		<result column="SAKUJO_FLG" property="sakujoFlg" />
	</resultMap>

	<!-- insert -->
	<insert id="create" parameterType="user" useGeneratedKeys="true"
		keyProperty="userCd">
		insert into MS_USER
		(
			 USER_CD
			, TEKIYO_KAISHIBI
			, TEKIYO_MEI
			, USER_MEI
			, USER_MEI_KANA
			, USER_MEI_EIJI
			, MAIL_ADDRESS
			, SIYO_KBN
			, SHOZOKU_KASHO_CD
			, MENU_ID
			, THEME
			, BIKO_1
			, BIKO_2
			, BIKO_3
			, BIKO_4
			, SHURYO_FLG
			, SAKUJO_FLG
		)values(
			#{userCd}
			, #{tekiyoKaishibi}
			, #{tekiyoMei}
			, #{userMei}
			, #{userMeiKana}
			, #{userMeiEiji}
			, #{mailAddress}
			, #{siyoKbn}
			, #{shozokuKashoCd}
			, #{menuId}
			, #{theme}
			, #{biko1}
			, #{biko2}
			, #{biko3}
			, #{biko4}
			, #{shuryoFlg}
			, #{sakujoFlg}
		)
	</insert>

	<!-- select -->
	<select id="findById" parameterType="user" resultMap="result">
		select *
		  from MS_USER
		 <!-- where USER_CD = #{userCd}
		   and TEKIYO_KAISHIBI <![CDATA[ < ]]> sysdate
		   and SHURYO_FLG = '0' 
		   and SAKUJO_FLG = '0' -->
	</select>

	<select id="findByColumn" parameterType="user" resultMap="result">
		select *
		  from MS_USER
		 where 1=1
		<if test="userCd != null">and USER_CD = #{userCd}</if>
		<if test="siyoKbn != null">and SIYO_KBN = #{siyoKbn}</if>
		<if test="shozokuKashoCd != null">and SHOZOKU_KASHO_CD = #{shozokuKashoCd}</if>
		<if test="shuryoFlg != null">and SHURYO_FLG = #{shuryoFlg}</if>
		<if test="sakujoFlg != null">and SAKUJO_FLG = #{sakujoFlg}</if>
	</select>

	<!-- update -->
<!-- Todo: ユーザマスタ機能作成時に対応願います
			<update id="update" parameterType="user">
		update user_master
		<set>
			<if test="userFirstName != null">user_first_name = #{userFirstName},</if>
			<if test="userLastName != null">user_last_name = #{userLastName},</if>
			<if test="password != null">password = #{password},</if>
			<if test="mailAddress != null">mail_address = #{mailAddress},</if>
			<if test="onetimePassInd != null">onetime_pass_ind = #{onetimePassInd},</if>
			<if test="activeInd != null">active_ind = #{activeInd},</if>
			last_modified_by = #{lastModifiedBy},
			last_modified_date = #{lastModifiedDate}
		</set>
		where
		user_id = #{userId}
	</update>

	<update id="updateByColumn" parameterType="map">
		update user_master
		<set>
			<if test="upd.userFirstName != null">user_first_name = #{upd.userFirstName},</if>
			<if test="upd.userLastName != null">user_last_name = #{upd.userLastName},</if>
			<if test="upd.password != null">password = #{upd.password},</if>
			<if test="upd.mailAddress != null">mail_address = #{upd.mailAddress},</if>
			<if test="upd.onetimePassInd != null">onetime_pass_ind = #{upd.onetimePassInd},</if>
			<if test="upd.activeInd != null">active_ind = #{upd.activeInd},</if>
			last_modified_by = #{upd.lastModifiedBy},
			last_modified_date = #{upd.lastModifiedDate}
		</set>
		where
		1=1
		<if test="crt.userId != null">and user_id = #{crt.userId}</if>
		<if test="crt.userFirstName != null">and user_first_name = #{crt.userFirstName}</if>
		<if test="crt.userLastName != null">and user_last_name = #{crt.userLastName}</if>
		<if test="crt.password != null">and password = #{crt.password}</if>
		<if test="crt.mailAddress != null">and mail_address = #{crt.mailAddress}</if>
		<if test="crt.activeInd != null">and active_ind = #{crt.activeInd}</if>
	</update>
-->

	<!-- delete -->
<!-- Todo: ユーザマスタ機能作成時に対応願います
	<delete id="delete" parameterType="String">
		delete from user_master
		where
		user_id = #{id}
	</delete>

	<delete id="deleteByColumn" parameterType="user">
		delete from user_master
		where
		1=1
		<if test="userId != null">and user_id = #{userId}</if>
		<if test="userFirstName != null">and user_first_name = #{userFirstName}</if>
		<if test="userLastName != null">and user_last_name = #{userLastName}</if>
		<if test="password != null">and password = #{password}</if>
		<if test="mailAddress != null">and mail_address = #{mailAddress}</if>
		<if test="activeInd != null">and active_ind = #{activeInd}</if>
	</delete>
-->

	<!-- findAll -->
	<select id="findAll" resultMap="result">
		select * from MS_USER
	</select>
</mapper>
