<assembly
  xmlns="http://maven.apache.org/plugins/maven-assembly-plugin/assembly/1.1.2"
  xmlns:xsi="http://www.w3.org/2001/XMLSchema-instance"
  xsi:schemaLocation="http://maven.apache.org/plugins/maven-assembly-plugin/assembly/1.1.2 http://maven.apache.org/xsd/assembly-1.1.2.xsd">

  <id>make-jar</id>
  <formats>
    <format>jar</format>
  </formats>


  <fileSets>
    <fileSet>
      <directory>${project.basedir}/src/main/assembly</directory>
      <outputDirectory>/</outputDirectory>
<!--      <includes>
        <include>logback.xml</include>
      </includes>-->
      <excludes>
        <exclude>assum-jar.xml</exclude>
      </excludes>
    </fileSet>
  </fileSets>

  <includeBaseDirectory>false</includeBaseDirectory>
  <dependencySets>
    <dependencySet>
      <outputDirectory>/</outputDirectory>
      <useProjectArtifact>true</useProjectArtifact>
      <!-- 依存ライブラリ等を解凍する指定 -->
      <unpack>true</unpack>
      <unpackOptions>
        <excludes><!-- 解凍時に除外するファイルを指定 -->
          <exclude>**/logback.xml</exclude>
        </excludes>
      </unpackOptions>
      <scope>runtime</scope>
    </dependencySet>
  </dependencySets>
</assembly>
