<?xml version="1.0" encoding="UTF-8" ?>
<!DOCTYPE mapper
PUBLIC "-//mybatis.org//DTD Mapper 3.0//EN"
"http://mybatis.org/dtd/mybatis-3-mapper.dtd">
<mapper namespace="mst042">
    <resultMap id="result" type="jp.co.kintetsuls.service.model.mst.Mst042Def">
        <id column="EIGYOSHO_CD"  property="eigyoshoCd" />
        <id column="TEKIYO_KAISHIBI" jdbcType="TIMESTAMP" property="tekiyoKaishibi" />
        <result column="column1" property="column1" />
        <result column="column2" property="column2" />
        <result column="column3" property="column3" />
        <result column="column4" property="column4" />
        <result column="column5" property="column5" />
        <result column="YUBIN_BANGO" property="yubinBango" />
        <result column="JIS_CD" property="jisCd" />
        <result column="JUSHO_1" property="jusho1" />
        <result column="JUSHO_2" property="jusho2" />
        <result column="JUSHO_3" property="jusho3" />
        <result column="JUSHO_4" property="jusho4" />
    </resultMap>
    
    <!-- select -->
    <select id="findToMap" parameterType="hashmap" resultMap="result">
        select
        s.column1, s.column2, s.column3, s.column4, s.column5, s.column6
        , s.column1 AS YUBIN_BANGO
        , s.column2 AS JIS_CD
        , s.column3 AS JUSHO_1
        , s.column4 AS JUSHO_2
        , s.column5 AS JUSHO_3
        , s.column6 AS JUSHO_4
        from sample s
        where s.ACTIVE_IND = 1
        and s.column1 = 97
        and s.column6 = #{TEKIYO_MEI}
    </select>
    
    <!-- update -->
    <update id="updateForList" parameterType="hashmap">
        UPDATE SAMPLE
        <set>
            LAST_MODIFIED_BY = 'KASAI_TEST'
            , LAST_MODIFIED_DATE = SYSDATE
        </set>
        WHERE
        COLUMN1 = 97
        AND ACTIVE_IND = 1
    </update>
    
    <!--delete sample(soft delete)-->
    <update id="softDeleteForList" parameterType="hashmap">
        UPDATE "MS_KOKYAKU_SHUYAKU_SETTEI"
        <set>
            SAKUJO_FLG = 1,
            KOSHIN_USER = 'SYSTEM',
            KOSHIN_NICHIJI = SYSDATE
        </set>
        WHERE
        KOKYAKU_CD = #{kokyaku}
        <!--AND SHUYAKU_CD = #{shuyakuCd.label}-->
        AND SAKUJO_FLG = 0
    </update>
</mapper>
