<?xml version="1.0" encoding="UTF-8" ?>
<!DOCTYPE mapper
PUBLIC "-//mybatis.org//DTD Mapper 3.0//EN"
"http://mybatis.org/dtd/mybatis-3-mapper.dtd">
<mapper namespace="mst051">
    <resultMap id="result" type="jp.co.kintetsuls.service.model.mst.Mst051Def">
        <result column="DAIHYO_FLG" property="daihyoFlg"/>
        <result column="DAIRITEN_CD" property="dairitenCd"/>
        <result column="DAIRITEN_MEI" property="dairitenMei"/>
        <result column="TEKIYO_KAISHIBI" property="tekiyoKaishibi"/>
        <result column="KAISHA_MEI" property="kaishaMei"/>
        <result column="SHITEN_MEI" property="shitenMei"/>
        <result column="JUSHO" property="jusho"/>
        <result column="SHUKA_TEN_FLG" property="shukaten"/>
        <result column="HAITATSU_TEN_FLG" property="haitatsuten"/>
        <result column="CHARTER_KITEN_FLG" property="chaterkiten"/>
        <result column="HAITATSU_SHUTURYOKUTEN_FLG" property="haitatsuDenpyoShutsuryokuten"/>
        <result column="SHIIRESAKI_CD" property="siiresakiCd"/>
        <result column="SHIIRESAKI_MEI" property="siiresaki"/>
        <result column="SHURYO_FLG" property="shuryoFlg"/>
        <result column="SAISHU_SIYO_HIDUKE" property="saishuSiyoHiduke"/>
        <result column="CON_JUSHO" property="conJusho"/>
        <collection property="CON_SEDAIKENSAKU_JOKENS" ofType="String">
            <result column="CON_SEDAIKENSAKU_JOKEN" property="sedaikensakuJoken"/>
        </collection>
    </resultMap>
    
    <!-- select -->
    <select id="searchForList" parameterType="hashmap" resultType="hashmap">       
        SELECT
            DM2.DAIHYO_FLG,
            DM2.DAIRITEN_CD,
            DM2.DAIRITEN_MEI,
            DM2.TEKIYO_KAISHIBI,
            DM2.KAISHA_MEI,
            DM2.SHITEN_MEI,
            DM2.JUSHO,
            DM2.SHUKA_TEN_FLG,
            DM2.HAITATSU_TEN_FLG,
            DM2.CHARTER_KITEN_FLG,
            DM2.HAITATSU_SHUTURYOKUTEN_FLG,
            DM2.SHIIRESAKI_CD,
            DM2.SHIIRESAKI_MEI,
            DM2.TEKIYO_SHURYO_PRM AS SHURYO_FLG
        FROM
            (SELECT
                DM1.DAIHYO_FLG,
                DM1.DAIRITEN_CD,
                DM1.DAIRITEN_MEI,
                DM1.TEKIYO_KAISHIBI,
                DM1.KAISHA_MEI,
                DM1.SHITEN_MEI,
                DM1.JUSHO,
                DM1.SHUKA_TEN_FLG,
                DM1.HAITATSU_TEN_FLG,
                DM1.CHARTER_KITEN_FLG,
                DM1.HAITATSU_SHUTURYOKUTEN_FLG,
                DM1.SHIIRESAKI_CD,
                <!--仕入先ビューから取得 -->
                SM1.SHIIRESAKI_MEI,
                DM1.TEKIYO_SHURYOBI,
                CASE
                    WHEN SYSDATE BETWEEN DM1.TEKIYO_KAISHIBI AND DM1.TEKIYO_SHURYOBI THEN 1
                    ELSE 0
                END AS GENZAI_TEKIYO_PRM,
                CASE
                    WHEN DM1.TEKIYO_KAISHIBI <![CDATA[ >= ]]> SYSDATE THEN 1
                    ELSE 0
                END AS MIRAI_TEKIYO_PRM,
                CASE
                    WHEN DM1.TEKIYO_SHURYOBI_MOTO <![CDATA[ >= ]]> SYSDATE THEN 1
                    ELSE 0
                END AS SHURYO_YOTEI_PRM,
                CASE
                    WHEN DM1.TEKIYO_SHURYOBI_MOTO <![CDATA[ < ]]> SYSDATE THEN 1
                    ELSE 0
                END AS TEKIYO_SHURYO_PRM
            FROM
                VW_DAIRITEN DM1
                LEFT JOIN
                    <!--仕入先ビューと外部結合 -->
                    VW_SHIIRESAKI SM1
                    <!--コードが一致するもの -->
                    ON DM1.SHIIRESAKI_CD = SM1.SHIIRESAKI_CD
                    <!--かつ代理店ビューの適用開始日が仕入先マスタの適用開始日、適用終了日の間にあるもの -->
                    AND DM1.TEKIYO_KAISHIBI BETWEEN SM1.TEKIYO_KAISHIBI AND SM1.TEKIYO_SHURYOBI
            <where>
                <if test="CON_JUSHO == '適用日指定'">
                    '2017/5/01' BETWEEN DM1.TEKIYO_KAISHIBI AND DM1.TEKIYO_SHURYOBI
                </if>
            </where>
            )DM2
        <where>
            <if test="CON_JUSHO == '現在適用'">
                DM2.GENZAI_TEKIYO_PRM = 1
            </if>
            <if test="CON_JUSHO == '未来適用'">
                OR DM2.MIRAI_TEKIYO_PRM = 1
            </if>
            <if test="CON_JUSHO == '終了予定'">
                OR DM2.SHURYO_YOTEI_PRM = 1
            </if>
            <if test="CON_JUSHO == '適用終了'">
                OR DM2.TEKIYO_SHURYO_PRM = 1
            </if>
            <if test="CON_JUSHO == 'お試し'">
                DM2.GENZAI_TEKIYO_PRM = 1
                OR DM2.MIRAI_TEKIYO_PRM = 1
            </if>
        </where>
        ORDER BY
        DM2.DAIHYO_FLG DESC, DM2.DAIRITEN_CD, DM2.TEKIYO_KAISHIBI DESC
    </select>
</mapper>