<?xml version="1.0" encoding="UTF-8" ?>
<!DOCTYPE mapper
PUBLIC "-//mybatis.org//DTD Mapper 3.0//EN"
"http://mybatis.org/dtd/mybatis-3-mapper.dtd">
<mapper namespace="mst501">
    <resultMap id="result" type="jp.co.kintetsuls.service.model.mst.Mst501Def">
        <id column="TODOFUKEN_CD"  property="listTodofukenCd" />
        <id column="TODOFUKEN_KANJI_MEI" property="listTodofukenMei" />
        <result column="SHIMUKE_CHI_MEI_CD" property="listShimukeChiMeiCd" />
        <result column="SHIMUKE_CHI_MEI" property="listShimukeChiMei" />
        <result column="BIKO" property="listBiko" />
    </resultMap>
    
    <!-- select -->
    <select id="findToMap" parameterType="hashmap" resultMap="result">
        SELECT
        	SCMM.TODOFUKEN_CD,
        	TM.TODOFUKEN_KANJI_MEI,
        	SCMM.SHIMUKE_CHI_MEI_CD,
        	SCMM.SHIMUKE_CHI_MEI,
        	SCMM.BIKO
        FROM
        	MS_SHIMUKE_CHI_MEI SCMM
        	LEFT JOIN
        	MS_TODOFUKEN TM
        	ON SCMM.TODOFUKEN_CD = TM.TODOFUKEN_CD
        <where>
            <if test="EIGYOSHO_CD != null and !''.equals(EIGYOSHO_CD.trim())">
                '0' + SCMM.TODOFUKEN_CD = #{EIGYOSHO_CD}
            </if>
            <if test="SHIMUKE_CHI_MEI != null and !''.equals(SHIMUKE_CHI_MEI.trim())">
                AND SCMM.SHIMUKE_CHI_MEI  like '%' || #{SHIMUKE_CHI_MEI} || '%'
            </if>
            <if test="SAKUJO_ZUMI != null and SAKUJO_ZUMI.size() != 0">
                AND
                <foreach item="item" collection="SAKUJO_ZUMI" open="(" separator="," close=")">
                    SCMM.SAKUJO_FLG = #{item}
                </foreach>
            </if> 
        </where>
    </select>
    
    <!-- update -->
    <update id="updateForList" parameterType="hashmap">
        UPDATE SAMPLE
        <set>
            LAST_MODIFIED_BY = 'KASAI_TEST'
            , LAST_MODIFIED_DATE = SYSDATE
        </set>
        WHERE
        COLUMN1 = 97
        AND ACTIVE_IND = 1
    </update>
    
    <!--delete sample(soft delete)-->
    <update id="softDeleteForList" parameterType="hashmap">
        UPDATE "MS_KOKYAKU_SHUYAKU_SETTEI"
        <set>
            SAKUJO_FLG = 1,
            KOSHIN_USER = 'SYSTEM',
            KOSHIN_NICHIJI = SYSDATE
        </set>
        WHERE
        KOKYAKU_CD = #{kokyaku}
        AND SAKUJO_FLG = 0
    </update>
</mapper>
