<?xml version="1.0" encoding="UTF-8"?>
<!DOCTYPE mapper PUBLIC "-//mybatis.org//DTD Mapper 3.0//EN" "http://mybatis.org/dtd/mybatis-3-mapper.dtd">
<mapper namespace="jp.co.kintetsuls.service.mapper.mst.MsUserMapper">
  <resultMap id="BaseResultMap" type="jp.co.kintetsuls.service.model.mst.MsUser">
    <!--
      WARNING - @mbg.generated
      This element is automatically generated by MyBatis Generator, do not modify.
    -->
    <id column="USER_CD" jdbcType="VARCHAR" property="userCd" />
    <id column="TEKIYO_KAISHIBI" jdbcType="TIMESTAMP" property="tekiyoKaishibi" />
    <result column="TEKIYO_MEI" jdbcType="VARCHAR" property="tekiyoMei" />
    <result column="USER_MEI" jdbcType="VARCHAR" property="userMei" />
    <result column="USER_MEI_KANA" jdbcType="VARCHAR" property="userMeiKana" />
    <result column="USER_MEI_EIJI" jdbcType="VARCHAR" property="userMeiEiji" />
    <result column="MAIL_ADDRESS" jdbcType="VARCHAR" property="mailAddress" />
    <result column="SIYO_KBN" jdbcType="CHAR" property="siyoKbn" />
    <result column="SHOZOKU_KASHO_CD" jdbcType="CHAR" property="shozokuKashoCd" />
    <result column="MENU_ID" jdbcType="CHAR" property="menuId" />
    <result column="THEME" jdbcType="CHAR" property="theme" />
    <result column="BIKO_1" jdbcType="VARCHAR" property="biko1" />
    <result column="BIKO_2" jdbcType="VARCHAR" property="biko2" />
    <result column="BIKO_3" jdbcType="VARCHAR" property="biko3" />
    <result column="BIKO_4" jdbcType="VARCHAR" property="biko4" />
    <result column="SHURYO_FLG" jdbcType="CHAR" property="shuryoFlg" />
    <result column="SAKUJO_FLG" jdbcType="CHAR" property="sakujoFlg" />
  </resultMap>
  <sql id="Example_Where_Clause">
    <!--
      WARNING - @mbg.generated
      This element is automatically generated by MyBatis Generator, do not modify.
    -->
    <where>
      <foreach collection="oredCriteria" item="criteria" separator="or">
        <if test="criteria.valid">
          <trim prefix="(" prefixOverrides="and" suffix=")">
            <foreach collection="criteria.criteria" item="criterion">
              <choose>
                <when test="criterion.noValue">
                  and ${criterion.condition}
                </when>
                <when test="criterion.singleValue">
                  and ${criterion.condition} #{criterion.value}
                </when>
                <when test="criterion.betweenValue">
                  and ${criterion.condition} #{criterion.value} and #{criterion.secondValue}
                </when>
                <when test="criterion.listValue">
                  and ${criterion.condition}
                  <foreach close=")" collection="criterion.value" item="listItem" open="(" separator=",">
                    #{listItem}
                  </foreach>
                </when>
              </choose>
            </foreach>
          </trim>
        </if>
      </foreach>
    </where>
  </sql>
  <sql id="Update_By_Example_Where_Clause">
    <!--
      WARNING - @mbg.generated
      This element is automatically generated by MyBatis Generator, do not modify.
    -->
    <where>
      <foreach collection="example.oredCriteria" item="criteria" separator="or">
        <if test="criteria.valid">
          <trim prefix="(" prefixOverrides="and" suffix=")">
            <foreach collection="criteria.criteria" item="criterion">
              <choose>
                <when test="criterion.noValue">
                  and ${criterion.condition}
                </when>
                <when test="criterion.singleValue">
                  and ${criterion.condition} #{criterion.value}
                </when>
                <when test="criterion.betweenValue">
                  and ${criterion.condition} #{criterion.value} and #{criterion.secondValue}
                </when>
                <when test="criterion.listValue">
                  and ${criterion.condition}
                  <foreach close=")" collection="criterion.value" item="listItem" open="(" separator=",">
                    #{listItem}
                  </foreach>
                </when>
              </choose>
            </foreach>
          </trim>
        </if>
      </foreach>
    </where>
  </sql>
  <sql id="Base_Column_List">
    <!--
      WARNING - @mbg.generated
      This element is automatically generated by MyBatis Generator, do not modify.
    -->
    USER_CD, TEKIYO_KAISHIBI, TEKIYO_MEI, USER_MEI, USER_MEI_KANA, USER_MEI_EIJI, MAIL_ADDRESS, 
    SIYO_KBN, SHOZOKU_KASHO_CD, MENU_ID, THEME, BIKO_1, BIKO_2, BIKO_3, BIKO_4, SHURYO_FLG, 
    SAKUJO_FLG
  </sql>
  <select id="selectByExample" parameterType="jp.co.kintetsuls.service.model.mst.MsUserExample" resultMap="BaseResultMap">
    <!--
      WARNING - @mbg.generated
      This element is automatically generated by MyBatis Generator, do not modify.
    -->
    select
    <if test="distinct">
      distinct
    </if>
    <include refid="Base_Column_List" />
    from AXIS_DEV.MS_USER
    <if test="_parameter != null">
      <include refid="Example_Where_Clause" />
    </if>
    <if test="orderByClause != null">
      order by ${orderByClause}
    </if>
  </select>
  <select id="selectByPrimaryKey" parameterType="jp.co.kintetsuls.service.model.mst.MsUserKey" resultMap="BaseResultMap">
    <!--
      WARNING - @mbg.generated
      This element is automatically generated by MyBatis Generator, do not modify.
    -->
    select 
    <include refid="Base_Column_List" />
    from AXIS_DEV.MS_USER
    where USER_CD = #{userCd,jdbcType=VARCHAR}
      and TEKIYO_KAISHIBI = #{tekiyoKaishibi,jdbcType=TIMESTAMP}
  </select>
  <delete id="deleteByPrimaryKey" parameterType="jp.co.kintetsuls.service.model.mst.MsUserKey">
    <!--
      WARNING - @mbg.generated
      This element is automatically generated by MyBatis Generator, do not modify.
    -->
    delete from AXIS_DEV.MS_USER
    where USER_CD = #{userCd,jdbcType=VARCHAR}
      and TEKIYO_KAISHIBI = #{tekiyoKaishibi,jdbcType=TIMESTAMP}
  </delete>
  <delete id="deleteByExample" parameterType="jp.co.kintetsuls.service.model.mst.MsUserExample">
    <!--
      WARNING - @mbg.generated
      This element is automatically generated by MyBatis Generator, do not modify.
    -->
    delete from AXIS_DEV.MS_USER
    <if test="_parameter != null">
      <include refid="Example_Where_Clause" />
    </if>
  </delete>
  <insert id="insert" parameterType="jp.co.kintetsuls.service.model.mst.MsUser">
    <!--
      WARNING - @mbg.generated
      This element is automatically generated by MyBatis Generator, do not modify.
    -->
    insert into AXIS_DEV.MS_USER (USER_CD, TEKIYO_KAISHIBI, TEKIYO_MEI, 
      USER_MEI, USER_MEI_KANA, USER_MEI_EIJI, 
      MAIL_ADDRESS, SIYO_KBN, SHOZOKU_KASHO_CD, 
      MENU_ID, THEME, BIKO_1, BIKO_2, 
      BIKO_3, BIKO_4, SHURYO_FLG, 
      SAKUJO_FLG)
    values (#{userCd,jdbcType=VARCHAR}, #{tekiyoKaishibi,jdbcType=TIMESTAMP}, #{tekiyoMei,jdbcType=VARCHAR}, 
      #{userMei,jdbcType=VARCHAR}, #{userMeiKana,jdbcType=VARCHAR}, #{userMeiEiji,jdbcType=VARCHAR}, 
      #{mailAddress,jdbcType=VARCHAR}, #{siyoKbn,jdbcType=CHAR}, #{shozokuKashoCd,jdbcType=CHAR}, 
      #{menuId,jdbcType=CHAR}, #{theme,jdbcType=CHAR}, #{biko1,jdbcType=VARCHAR}, #{biko2,jdbcType=VARCHAR}, 
      #{biko3,jdbcType=VARCHAR}, #{biko4,jdbcType=VARCHAR}, #{shuryoFlg,jdbcType=CHAR}, 
      #{sakujoFlg,jdbcType=CHAR})
  </insert>
  <insert id="insertSelective" parameterType="jp.co.kintetsuls.service.model.mst.MsUser">
    <!--
      WARNING - @mbg.generated
      This element is automatically generated by MyBatis Generator, do not modify.
    -->
    insert into AXIS_DEV.MS_USER
    <trim prefix="(" suffix=")" suffixOverrides=",">
      <if test="userCd != null">
        USER_CD,
      </if>
      <if test="tekiyoKaishibi != null">
        TEKIYO_KAISHIBI,
      </if>
      <if test="tekiyoMei != null">
        TEKIYO_MEI,
      </if>
      <if test="userMei != null">
        USER_MEI,
      </if>
      <if test="userMeiKana != null">
        USER_MEI_KANA,
      </if>
      <if test="userMeiEiji != null">
        USER_MEI_EIJI,
      </if>
      <if test="mailAddress != null">
        MAIL_ADDRESS,
      </if>
      <if test="siyoKbn != null">
        SIYO_KBN,
      </if>
      <if test="shozokuKashoCd != null">
        SHOZOKU_KASHO_CD,
      </if>
      <if test="menuId != null">
        MENU_ID,
      </if>
      <if test="theme != null">
        THEME,
      </if>
      <if test="biko1 != null">
        BIKO_1,
      </if>
      <if test="biko2 != null">
        BIKO_2,
      </if>
      <if test="biko3 != null">
        BIKO_3,
      </if>
      <if test="biko4 != null">
        BIKO_4,
      </if>
      <if test="shuryoFlg != null">
        SHURYO_FLG,
      </if>
      <if test="sakujoFlg != null">
        SAKUJO_FLG,
      </if>
    </trim>
    <trim prefix="values (" suffix=")" suffixOverrides=",">
      <if test="userCd != null">
        #{userCd,jdbcType=VARCHAR},
      </if>
      <if test="tekiyoKaishibi != null">
        #{tekiyoKaishibi,jdbcType=TIMESTAMP},
      </if>
      <if test="tekiyoMei != null">
        #{tekiyoMei,jdbcType=VARCHAR},
      </if>
      <if test="userMei != null">
        #{userMei,jdbcType=VARCHAR},
      </if>
      <if test="userMeiKana != null">
        #{userMeiKana,jdbcType=VARCHAR},
      </if>
      <if test="userMeiEiji != null">
        #{userMeiEiji,jdbcType=VARCHAR},
      </if>
      <if test="mailAddress != null">
        #{mailAddress,jdbcType=VARCHAR},
      </if>
      <if test="siyoKbn != null">
        #{siyoKbn,jdbcType=CHAR},
      </if>
      <if test="shozokuKashoCd != null">
        #{shozokuKashoCd,jdbcType=CHAR},
      </if>
      <if test="menuId != null">
        #{menuId,jdbcType=CHAR},
      </if>
      <if test="theme != null">
        #{theme,jdbcType=CHAR},
      </if>
      <if test="biko1 != null">
        #{biko1,jdbcType=VARCHAR},
      </if>
      <if test="biko2 != null">
        #{biko2,jdbcType=VARCHAR},
      </if>
      <if test="biko3 != null">
        #{biko3,jdbcType=VARCHAR},
      </if>
      <if test="biko4 != null">
        #{biko4,jdbcType=VARCHAR},
      </if>
      <if test="shuryoFlg != null">
        #{shuryoFlg,jdbcType=CHAR},
      </if>
      <if test="sakujoFlg != null">
        #{sakujoFlg,jdbcType=CHAR},
      </if>
    </trim>
  </insert>
  <select id="countByExample" parameterType="jp.co.kintetsuls.service.model.mst.MsUserExample" resultType="java.lang.Long">
    <!--
      WARNING - @mbg.generated
      This element is automatically generated by MyBatis Generator, do not modify.
    -->
    select count(*) from AXIS_DEV.MS_USER
    <if test="_parameter != null">
      <include refid="Example_Where_Clause" />
    </if>
  </select>
  <update id="updateByExampleSelective" parameterType="map">
    <!--
      WARNING - @mbg.generated
      This element is automatically generated by MyBatis Generator, do not modify.
    -->
    update AXIS_DEV.MS_USER
    <set>
      <if test="record.userCd != null">
        USER_CD = #{record.userCd,jdbcType=VARCHAR},
      </if>
      <if test="record.tekiyoKaishibi != null">
        TEKIYO_KAISHIBI = #{record.tekiyoKaishibi,jdbcType=TIMESTAMP},
      </if>
      <if test="record.tekiyoMei != null">
        TEKIYO_MEI = #{record.tekiyoMei,jdbcType=VARCHAR},
      </if>
      <if test="record.userMei != null">
        USER_MEI = #{record.userMei,jdbcType=VARCHAR},
      </if>
      <if test="record.userMeiKana != null">
        USER_MEI_KANA = #{record.userMeiKana,jdbcType=VARCHAR},
      </if>
      <if test="record.userMeiEiji != null">
        USER_MEI_EIJI = #{record.userMeiEiji,jdbcType=VARCHAR},
      </if>
      <if test="record.mailAddress != null">
        MAIL_ADDRESS = #{record.mailAddress,jdbcType=VARCHAR},
      </if>
      <if test="record.siyoKbn != null">
        SIYO_KBN = #{record.siyoKbn,jdbcType=CHAR},
      </if>
      <if test="record.shozokuKashoCd != null">
        SHOZOKU_KASHO_CD = #{record.shozokuKashoCd,jdbcType=CHAR},
      </if>
      <if test="record.menuId != null">
        MENU_ID = #{record.menuId,jdbcType=CHAR},
      </if>
      <if test="record.theme != null">
        THEME = #{record.theme,jdbcType=CHAR},
      </if>
      <if test="record.biko1 != null">
        BIKO_1 = #{record.biko1,jdbcType=VARCHAR},
      </if>
      <if test="record.biko2 != null">
        BIKO_2 = #{record.biko2,jdbcType=VARCHAR},
      </if>
      <if test="record.biko3 != null">
        BIKO_3 = #{record.biko3,jdbcType=VARCHAR},
      </if>
      <if test="record.biko4 != null">
        BIKO_4 = #{record.biko4,jdbcType=VARCHAR},
      </if>
      <if test="record.shuryoFlg != null">
        SHURYO_FLG = #{record.shuryoFlg,jdbcType=CHAR},
      </if>
      <if test="record.sakujoFlg != null">
        SAKUJO_FLG = #{record.sakujoFlg,jdbcType=CHAR},
      </if>
    </set>
    <if test="_parameter != null">
      <include refid="Update_By_Example_Where_Clause" />
    </if>
  </update>
  <update id="updateByExample" parameterType="map">
    <!--
      WARNING - @mbg.generated
      This element is automatically generated by MyBatis Generator, do not modify.
    -->
    update AXIS_DEV.MS_USER
    set USER_CD = #{record.userCd,jdbcType=VARCHAR},
      TEKIYO_KAISHIBI = #{record.tekiyoKaishibi,jdbcType=TIMESTAMP},
      TEKIYO_MEI = #{record.tekiyoMei,jdbcType=VARCHAR},
      USER_MEI = #{record.userMei,jdbcType=VARCHAR},
      USER_MEI_KANA = #{record.userMeiKana,jdbcType=VARCHAR},
      USER_MEI_EIJI = #{record.userMeiEiji,jdbcType=VARCHAR},
      MAIL_ADDRESS = #{record.mailAddress,jdbcType=VARCHAR},
      SIYO_KBN = #{record.siyoKbn,jdbcType=CHAR},
      SHOZOKU_KASHO_CD = #{record.shozokuKashoCd,jdbcType=CHAR},
      MENU_ID = #{record.menuId,jdbcType=CHAR},
      THEME = #{record.theme,jdbcType=CHAR},
      BIKO_1 = #{record.biko1,jdbcType=VARCHAR},
      BIKO_2 = #{record.biko2,jdbcType=VARCHAR},
      BIKO_3 = #{record.biko3,jdbcType=VARCHAR},
      BIKO_4 = #{record.biko4,jdbcType=VARCHAR},
      SHURYO_FLG = #{record.shuryoFlg,jdbcType=CHAR},
      SAKUJO_FLG = #{record.sakujoFlg,jdbcType=CHAR}
    <if test="_parameter != null">
      <include refid="Update_By_Example_Where_Clause" />
    </if>
  </update>
  <update id="updateByPrimaryKeySelective" parameterType="jp.co.kintetsuls.service.model.mst.MsUser">
    <!--
      WARNING - @mbg.generated
      This element is automatically generated by MyBatis Generator, do not modify.
    -->
    update AXIS_DEV.MS_USER
    <set>
      <if test="tekiyoMei != null">
        TEKIYO_MEI = #{tekiyoMei,jdbcType=VARCHAR},
      </if>
      <if test="userMei != null">
        USER_MEI = #{userMei,jdbcType=VARCHAR},
      </if>
      <if test="userMeiKana != null">
        USER_MEI_KANA = #{userMeiKana,jdbcType=VARCHAR},
      </if>
      <if test="userMeiEiji != null">
        USER_MEI_EIJI = #{userMeiEiji,jdbcType=VARCHAR},
      </if>
      <if test="mailAddress != null">
        MAIL_ADDRESS = #{mailAddress,jdbcType=VARCHAR},
      </if>
      <if test="siyoKbn != null">
        SIYO_KBN = #{siyoKbn,jdbcType=CHAR},
      </if>
      <if test="shozokuKashoCd != null">
        SHOZOKU_KASHO_CD = #{shozokuKashoCd,jdbcType=CHAR},
      </if>
      <if test="menuId != null">
        MENU_ID = #{menuId,jdbcType=CHAR},
      </if>
      <if test="theme != null">
        THEME = #{theme,jdbcType=CHAR},
      </if>
      <if test="biko1 != null">
        BIKO_1 = #{biko1,jdbcType=VARCHAR},
      </if>
      <if test="biko2 != null">
        BIKO_2 = #{biko2,jdbcType=VARCHAR},
      </if>
      <if test="biko3 != null">
        BIKO_3 = #{biko3,jdbcType=VARCHAR},
      </if>
      <if test="biko4 != null">
        BIKO_4 = #{biko4,jdbcType=VARCHAR},
      </if>
      <if test="shuryoFlg != null">
        SHURYO_FLG = #{shuryoFlg,jdbcType=CHAR},
      </if>
      <if test="sakujoFlg != null">
        SAKUJO_FLG = #{sakujoFlg,jdbcType=CHAR},
      </if>
    </set>
    where USER_CD = #{userCd,jdbcType=VARCHAR}
      and TEKIYO_KAISHIBI = #{tekiyoKaishibi,jdbcType=TIMESTAMP}
  </update>
  <update id="updateByPrimaryKey" parameterType="jp.co.kintetsuls.service.model.mst.MsUser">
    <!--
      WARNING - @mbg.generated
      This element is automatically generated by MyBatis Generator, do not modify.
    -->
    update AXIS_DEV.MS_USER
    set TEKIYO_MEI = #{tekiyoMei,jdbcType=VARCHAR},
      USER_MEI = #{userMei,jdbcType=VARCHAR},
      USER_MEI_KANA = #{userMeiKana,jdbcType=VARCHAR},
      USER_MEI_EIJI = #{userMeiEiji,jdbcType=VARCHAR},
      MAIL_ADDRESS = #{mailAddress,jdbcType=VARCHAR},
      SIYO_KBN = #{siyoKbn,jdbcType=CHAR},
      SHOZOKU_KASHO_CD = #{shozokuKashoCd,jdbcType=CHAR},
      MENU_ID = #{menuId,jdbcType=CHAR},
      THEME = #{theme,jdbcType=CHAR},
      BIKO_1 = #{biko1,jdbcType=VARCHAR},
      BIKO_2 = #{biko2,jdbcType=VARCHAR},
      BIKO_3 = #{biko3,jdbcType=VARCHAR},
      BIKO_4 = #{biko4,jdbcType=VARCHAR},
      SHURYO_FLG = #{shuryoFlg,jdbcType=CHAR},
      SAKUJO_FLG = #{sakujoFlg,jdbcType=CHAR}
    where USER_CD = #{userCd,jdbcType=VARCHAR}
      and TEKIYO_KAISHIBI = #{tekiyoKaishibi,jdbcType=TIMESTAMP}
  </update>
</mapper>