<?xml version="1.0" encoding="utf-8" standalone="yes"?>
<!DOCTYPE SvfWebClientIni>
<SvfWebClientIni>
	<sections>
		<section name="System">
			<!-- 開発者向けの情報が出力されるSVFのエラーダイアログを、ブラウザ側に出さない -->
			<!-- エラーの情報はサーバーにはPOSTされるので確認可能 -->
			<item key="ShowErrorDlg" value="False" />
			<item key="SendErrorMethod" value="POST" />
		</section>
		<section name="Debug">
			<!-- ログ関連の設定は起動時に参照される為、設定を反映させるには Internet Explorerの再起動が必要です -->
			<item key="OutLog" value="False" />
			<item key="FileName" value="c:\xsvfweb.log" />
			<item key="LogLevel" value="DEBUG" />
		</section>
	</sections>
</SvfWebClientIni>