<?xml version = "1.0" encoding = "UTF-8" ?>
<digester-rules>
	<!-- report-app -->
	<pattern value="report-app">
		<object-create-rule classname="jp.co.sharedsys.wbb.jsf.reports.ReportAppConfig" />
		<set-properties-rule/>
	</pattern>

	<!-- report-app.directory -->
	<pattern value="report-app/directory">
		<bean-property-setter-rule propertyname="directory"/>
	</pattern>

	<!-- report-app.title -->
	<pattern value="report-app/title">
		<bean-property-setter-rule propertyname="title"/>
	</pattern>
        
	<!-- report-app.screenCode -->
	<pattern value="report-app/screen-code">
		<bean-property-setter-rule propertyname="screenCode"/>
	</pattern>
        
	<!-- report-app.screenSize -->
	<pattern value="report-app/screen-size">
		<bean-property-setter-rule propertyname="screenSize"/>
	</pattern>  
              
	<!-- report-app.lineDisp -->
	<pattern value="report-app/line-disp">
		<bean-property-setter-rule propertyname="lineDisp"/>
	</pattern>
</digester-rules>
