<?xml version = "1.0" encoding = "UTF-8" ?>
<digester-rules>
	<!-- report -->
	<pattern value="report">
		<object-create-rule classname="jp.co.sharedsys.wbb.jsf.conf.XReport" />
		<set-properties-rule/>
	</pattern>

	<!-- report.title RC05 対象外 -->
	<pattern value="report/title">
		<bean-property-setter-rule propertyname="title"/>
	</pattern>

	<!-- report.pageTemplate RC15 -->
	<pattern value="report/page-template">
		<bean-property-setter-rule propertyname="pageTemplate"/>
	</pattern>

        <!-- report RC21 -->
	<pattern value="report/screen-code">
		<bean-property-setter-rule propertyname="screenCode"/>
	</pattern>
        
        <!-- report RC22 -->
	<pattern value="report/screen-size">
		<bean-property-setter-rule propertyname="screenSize"/>
	</pattern>
        
        <!-- report RC23 -->
	<pattern value="report/line-disp">
		<bean-property-setter-rule propertyname="lineDisp"/>
	</pattern>

	<!-- report.reload-condition RC24 -->
	<pattern value="report/reload-condition">
		<bean-property-setter-rule propertyname="reloadCondition"/>
	</pattern>

	<!-- report/conditions/condition -->
	<pattern value="report/conditions/condition">
		<object-create-rule classname="jp.co.sharedsys.wbb.jsf.conf.XReportCondition" />
		<set-next-rule methodname="addCondition" />
		<!-- report/conditions/condition.name C02物理名× RPT出力有 -->
		<pattern value="name">
			<bean-property-setter-rule propertyname="name"/>
		</pattern>
                
		<!-- report/conditions/condition.displayName C01項目名× RPT出力有 -->
		<pattern value="display-name">
			<bean-property-setter-rule propertyname="displayName"/>
		</pattern>
                
		<!-- report/conditions/condition.controlType C03コンポーネント× RPT出力有 -->
		<pattern value="control-type">
			<bean-property-setter-rule propertyname="controlType"/>
		</pattern>
                
		<!-- report/conditions/condition.dataType C04データ種別× RPT出力有 -->
		<pattern value="data-type">
			<bean-property-setter-rule propertyname="dataType"/>
		</pattern>
                
		<!-- report/conditions/condition.align C05配置〇 RPT出力有 -->
		<pattern value="align">
			<bean-property-setter-rule propertyname="align"/>
		</pattern>
                
		<!-- report/conditions/condition.align C06表示有無× RPT出力有 -->
		<!-- report/conditions/condition.align C07読み取り専用× RPT出力有 -->
		<!-- C08 format 対象外 -->
                
		<!-- report/conditions/condition.defaultValue C09設定初期値× RPT出力有 -->
		<pattern value="default-value">
			<bean-property-setter-rule propertyname="defaultValue"/>
		</pattern>

		<!-- report/conditions/condition.minLength C13桁数最小× RPT出力有 -->
		<pattern value="min-length">
			<bean-property-setter-rule propertyname="minLength"/>
		</pattern>

		<!-- report/conditions/condition.maxLength C14桁数最大× RPT出力有 -->
		<pattern value="max-length">
			<bean-property-setter-rule propertyname="maxLength"/>
		</pattern>

		<!-- report/conditions/condition/option C16選択項目参照先× RPT出力有 -->
		<pattern value="option">
			<object-create-rule classname="jp.co.sharedsys.wbb.jsf.conf.XReportConditionOption" />
			<set-next-rule methodname="addOption" />
			<!-- report/conditions/condition/option/label -->
			<pattern value="label">
				<bean-property-setter-rule propertyname="label"/>
			</pattern>
			<pattern value="value">
				<bean-property-setter-rule propertyname="value"/>
			</pattern>
			<pattern value="checked">
				<bean-property-setter-rule propertyname="checked"/>
			</pattern>
			<pattern value="service">
				<bean-property-setter-rule propertyname="service"/>
			</pattern>
			<pattern value="function-code">
				<bean-property-setter-rule propertyname="functionCode"/>
			</pattern>
			<pattern value="service-parameter">
				<bean-property-setter-rule propertyname="serviceParameter"/>
			</pattern>
			<pattern value="table-name">
				<bean-property-setter-rule propertyname="tableName"/>
			</pattern>
		</pattern>
                
		<!-- report/conditions/condition.applyTo 17データ参照先× RPT出力有 -->
		<pattern value="apply-to">
			<bean-property-setter-rule propertyname="applyTo"/>
		</pattern>

		<!-- report/conditions/condition.tabindex 30TabIndex〇 RPT出力有 -->
		<pattern value="tab-index">
			<bean-property-setter-rule propertyname="tabIndex"/>
		</pattern>

                <!-- C25少数点 対象外 -->

                <!-- C48セクション表示ラベル 対象外  参照されているので残す -->
		<pattern value="section">
			<bean-property-setter-rule propertyname="section"/>
		</pattern>

                <!-- C43追加項目１〇 -->
		<pattern value="extra1">
			<bean-property-setter-rule propertyname="extra1"/>
		</pattern>
                
                <!-- C44追加項目２〇 -->
		<pattern value="extra2">
			<bean-property-setter-rule propertyname="extra2"/>
		</pattern>
                
                <!-- C45追加項目３〇 -->
		<pattern value="extra3">
			<bean-property-setter-rule propertyname="extra3"/>
		</pattern>
                
                <!-- C46追加項目４〇 -->
		<pattern value="extra4">
			<bean-property-setter-rule propertyname="extra4"/>
		</pattern>
                
                <!-- C47追加項目５〇 -->
		<pattern value="extra5">
			<bean-property-setter-rule propertyname="extra5"/>
		</pattern>
	</pattern>


	<!-- report/sqls/sql -->
	<pattern value="report/sqls/sql">
		<object-create-rule classname="jp.co.sharedsys.wbb.jsf.conf.XReportSql" />
		<set-next-rule methodname="addSql" />

		<!-- report/sqls/sql.name -->
		<pattern value="name">
			<bean-property-setter-rule propertyname="name"/>
		</pattern>
                
		<!-- report/sqls/sql.templateFile 対象外 参照されているので残す -->
		<pattern value="template-file">
			<bean-property-setter-rule propertyname="templateFile"/>
		</pattern>

		<pattern value="service">
			<bean-property-setter-rule propertyname="service"/>
		</pattern>
		<pattern value="function-code">
			<bean-property-setter-rule propertyname="functionCode"/>
		</pattern>
                <pattern value="table-name">
                        <bean-property-setter-rule propertyname="tableName"/>
                </pattern>  
	</pattern>

	<!-- report/buttons/formats -->
	<pattern value="report/formats/format">
		<object-create-rule classname="jp.co.sharedsys.wbb.jsf.conf.XReportFormat" />
		<set-next-rule methodname="addFormat" />
	</pattern>

	<!-- report/buttons/button -->
<!-- 全体的に残す -->
	<pattern value="report/buttons/button">
		<object-create-rule classname="jp.co.sharedsys.wbb.jsf.conf.XReportButton" />
		<set-next-rule methodname="addButton" />
		<!-- report/buttons/button.name -->
		<pattern value="name">
			<bean-property-setter-rule propertyname="name"/>
		</pattern>

		<!-- report/buttons/button.value -->
		<pattern value="value">
			<bean-property-setter-rule propertyname="value"/>
		</pattern>

		<!-- report/buttons/button.action -->
		<pattern value="action">
			<bean-property-setter-rule propertyname="action"/>
		</pattern>

		<pattern value="rpt-file">
			<bean-property-setter-rule propertyname="rptFile"/>
		</pattern>

		<!-- report/buttons/button.rptFile -->
		<pattern value="rpt-dir">
			<bean-property-setter-rule propertyname="rptDir"/>
		</pattern>

		<pattern value="service">
			<bean-property-setter-rule propertyname="service"/>
		</pattern>

		<pattern value="function-code">
			<bean-property-setter-rule propertyname="functionCode"/>
		</pattern>

		<pattern value="position">
			<bean-property-setter-rule propertyname="position"/>
		</pattern>
		<!-- report/conditions/condition/option -->
		<pattern value="option">
			<object-create-rule classname="jp.co.sharedsys.wbb.jsf.conf.XReportConditionOption" />
			<set-next-rule methodname="addOption" />
			<!-- report/conditions/condition/option/label -->
			<pattern value="label">
				<bean-property-setter-rule propertyname="label"/>
			</pattern>
			<pattern value="value">
				<bean-property-setter-rule propertyname="value"/>
			</pattern>
			<pattern value="checked">
				<bean-property-setter-rule propertyname="checked"/>
			</pattern>
			<pattern value="service">
				<bean-property-setter-rule propertyname="service"/>
			</pattern>
			<pattern value="function-code">
				<bean-property-setter-rule propertyname="functionCode"/>
			</pattern>
			<pattern value="service-parameter">
				<bean-property-setter-rule propertyname="serviceParameter"/>
			</pattern>                    
		</pattern>
	</pattern>

<!-- 2012.08.10 N.Ichijo Add -->
	<!-- report/modification -->
        <!-- SSNaviManagedBeanで参照されているので残す -->
	<pattern value="report/modification">
		<object-create-rule classname="jp.co.sharedsys.wbb.jsf.conf.XReportModification" />
		<set-next-rule methodname="setModification" />
		<pattern value="mode">
			<bean-property-setter-rule propertyname="mode"/>
		</pattern>
		<pattern value="default-line">
			<bean-property-setter-rule propertyname="defaultLine"/>
		</pattern>
		<pattern value="insert">
			<bean-property-setter-rule propertyname="insert"/>
		</pattern>
		<pattern value="update">
			<bean-property-setter-rule propertyname="update"/>
		</pattern>
		<pattern value="delete">
			<bean-property-setter-rule propertyname="delete"/>
		</pattern>
	</pattern>
        
	<pattern value="report/modification/columns/column">
		<object-create-rule classname="jp.co.sharedsys.wbb.jsf.conf.XReportColumn" />
		<set-next-rule methodname="addColumn" />
                <!-- X01物理名× RPT出力有 -->
		<pattern value="name">
			<bean-property-setter-rule propertyname="name"/>
		</pattern>
                
                <!-- X02項目名× RPT出力有 -->
		<pattern value="display-name">
			<bean-property-setter-rule propertyname="displayName"/>
		</pattern>
                
                <!-- RPT出力有 -->
		<pattern value="control-type">
			<bean-property-setter-rule propertyname="controlType"/>
		</pattern>
                
                <!-- RPT出力有 -->
		<pattern value="data-type">
			<bean-property-setter-rule propertyname="dataType"/>
		</pattern>
                
                <!-- RPT出力有 -->
		<!--not available-->
		<pattern value="default-value">
			<bean-property-setter-rule propertyname="defaultValue"/>
		</pattern>

		<!--not available-->
                <!-- RPT出力有 -->
		<pattern value="min-length">
			<bean-property-setter-rule propertyname="minLength"/>
		</pattern>
                
                <!-- RPT出力有 -->
		<pattern value="max-length">
			<bean-property-setter-rule propertyname="maxLength"/>
		</pattern>
                
		<!--not available-->
                <!-- RPT出力有 -->
		<pattern value="apply-to">
			<bean-property-setter-rule propertyname="applyTo"/>
		</pattern>

                <!-- RPT出力有 -->
		<pattern value="sort-index">
			<bean-property-setter-rule propertyname="sortIndex"/>
		</pattern>
                
                <!-- RPT出力有 -->
		<pattern value="tab-index">
			<bean-property-setter-rule propertyname="tabIndex"/>
		</pattern>
                
                <!-- RPT出力有 -->
		<!--not available-->
		<pattern value="readonly">
			<bean-property-setter-rule propertyname="readonly"/>
		</pattern>

                <!-- 対象外 SSNaviManagedBeanで使用しているので残す -->
		<pattern value="pk">
			<bean-property-setter-rule propertyname="pk"/>
		</pattern>
		<!-- report/modification/columns/column/option -->
		<pattern value="option">
			<object-create-rule classname="jp.co.sharedsys.wbb.jsf.conf.XReportColumnOption" />
			<set-next-rule methodname="addOption" />
			<!-- report/modification/columns/column/option/label -->
			<pattern value="label">
				<bean-property-setter-rule propertyname="label"/>
			</pattern>
			<pattern value="value">
				<bean-property-setter-rule propertyname="value"/>
			</pattern>
			<pattern value="checked">
				<bean-property-setter-rule propertyname="checked"/>
			</pattern>
			<pattern value="template-file">
				<bean-property-setter-rule propertyname="templateFile"/>
			</pattern>
			<pattern value="service">
				<bean-property-setter-rule propertyname="service"/>
			</pattern>
			<pattern value="function-code">
				<bean-property-setter-rule propertyname="functionCode"/>
			</pattern>
			<pattern value="service-parameter">
				<bean-property-setter-rule propertyname="serviceParameter"/>
			</pattern>
		</pattern>
                
                <!-- RPT出力有 -->
		<pattern value="transfer-rpt-file">
			<bean-property-setter-rule propertyname="transferRptFile"/>
		</pattern>
                
                <!-- RPT出力有 -->
		<pattern value="transfer-rpt-dir">
			<bean-property-setter-rule propertyname="transferRptDir"/>
		</pattern>
           
                <!-- 対象外 SSNaviManagedBeanで参照しているので残す -->
		<pattern value="table-name">
			<bean-property-setter-rule propertyname="tableName"/>
		</pattern>

                <!-- 対象外 -->
		<pattern value="service">
			<bean-property-setter-rule propertyname="service"/>
		</pattern>
                
                <!-- RPT出力有 -->
		<pattern value="function-code">
			<bean-property-setter-rule propertyname="functionCode"/>
		</pattern>
                
                <!-- RPT出力有 -->
		<pattern value="extra1">
			<bean-property-setter-rule propertyname="extra1"/>
		</pattern>
                
                <!-- RPT出力有 -->
		<pattern value="extra2">
			<bean-property-setter-rule propertyname="extra2"/>
		</pattern>
                
                <!-- RPT出力有 -->
		<pattern value="extra3">
			<bean-property-setter-rule propertyname="extra3"/>
		</pattern>
                
                <!-- RPT出力有 -->
		<pattern value="extra4">
			<bean-property-setter-rule propertyname="extra4"/>
		</pattern>
                
                <!-- RPT出力有 -->
		<pattern value="extra5">
			<bean-property-setter-rule propertyname="extra5"/>
		</pattern>
                
                <!-- RPT出力有 -->
		<pattern value="section">
			<bean-property-setter-rule propertyname="section"/>
		</pattern>
                
                <!-- RPT出力有  -->
		<pattern value="visible">
			<bean-property-setter-rule propertyname="visible"/>
		</pattern>
	</pattern>
<!-- 2012.08.10 N.Ichijo End -->
</digester-rules>
