<?xml version="1.0"?>
<doc>
    <assembly>
        <name>SX.Silverlight.ClsLib.CR_Common.NameDefine</name>
    </assembly>
    <members>
        <member name="T:SX.Silverlight.ClsLib.CR_Common.NameDefine.NameDefine">
            <summary>
            クレジット共通値・名称定義クラス
            </summary>
        </member>
        <member name="F:SX.Silverlight.ClsLib.CR_Common.NameDefine.NameDefine.PAY_DAT_LOOP_MAX">
            <summary>支払データ繰り返し項目の最大数</summary>
        </member>
        <member name="F:SX.Silverlight.ClsLib.CR_Common.NameDefine.NameDefine.MEM_NO_LEN_MAX">
            <summary>会員番号最大桁数</summary>
        </member>
        <member name="F:SX.Silverlight.ClsLib.CR_Common.NameDefine.NameDefine.MEM_NO_LEN_MAX_EX">
            <summary>会員番号最大桁数(拡張用)</summary>
        </member>
        <member name="M:SX.Silverlight.ClsLib.CR_Common.NameDefine.NameDefine.getProgramName(System.String,System.String)">
            <summary>
            プログラムIDよりプログラム名称を返す
            </summary>
            <param name="prmId">プログラムID</param>
            <param name="prmSeq">起動引数</param>
            <returns></returns>
        </member>
        <member name="T:SX.Silverlight.ClsLib.CR_Common.NameDefine.NameDefine.stPrgInf">
            <summary>プログラム情報</summary>
        </member>
        <member name="F:SX.Silverlight.ClsLib.CR_Common.NameDefine.NameDefine.stPrgInf.PRG_ID_CBF12100">
            <summary>プログラムID：伝票入力</summary>
        </member>
        <member name="F:SX.Silverlight.ClsLib.CR_Common.NameDefine.NameDefine.stPrgInf.PRG_NAME_CBF12100">
            <summary>プログラム名称：伝票入力</summary>
        </member>
        <member name="F:SX.Silverlight.ClsLib.CR_Common.NameDefine.NameDefine.stPrgInf.PRG_ID_CBF13100">
            <summary>プログラムID：カード精算集計表</summary>
        </member>
        <member name="F:SX.Silverlight.ClsLib.CR_Common.NameDefine.NameDefine.stPrgInf.PRG_NAME_CBF13100">
            <summary>プログラム名称：カード精算集計表</summary>
        </member>
        <member name="F:SX.Silverlight.ClsLib.CR_Common.NameDefine.NameDefine.stPrgInf.PRG_ID_CBF14100">
            <summary>プログラムID：クレジット取引レポート</summary>
        </member>
        <member name="F:SX.Silverlight.ClsLib.CR_Common.NameDefine.NameDefine.stPrgInf.PRG_NAME_CBF14100">
            <summary>プログラム名称：クレジット取引レポート</summary>
        </member>
        <member name="F:SX.Silverlight.ClsLib.CR_Common.NameDefine.NameDefine.stPrgInf.PRG_NAME_CBF14100_0100">
            <summary>プログラム名称：管理コード別取引レポート</summary>
        </member>
        <member name="F:SX.Silverlight.ClsLib.CR_Common.NameDefine.NameDefine.stPrgInf.PRG_NAME_CBF14100_0101">
            <summary>プログラム名称：クレジット会社別取引レポート</summary>
        </member>
        <member name="F:SX.Silverlight.ClsLib.CR_Common.NameDefine.NameDefine.stPrgInf.PRG_ID_CBF14200">
            <summary>プログラムID：デビットオーソリ取引レポート</summary>
        </member>
        <member name="F:SX.Silverlight.ClsLib.CR_Common.NameDefine.NameDefine.stPrgInf.PRG_NAME_CBF14200">
            <summary>プログラム名称：デビットオーソリ取引レポート</summary>
        </member>
        <member name="F:SX.Silverlight.ClsLib.CR_Common.NameDefine.NameDefine.stPrgInf.PRG_ID_CBF15100">
            <summary>プログラムID：クレジット取引警告リスト</summary>
        </member>
        <member name="F:SX.Silverlight.ClsLib.CR_Common.NameDefine.NameDefine.stPrgInf.PRG_NAME_CBF15100">
            <summary>プログラム名称：クレジット取引警告リスト</summary>
        </member>
        <member name="F:SX.Silverlight.ClsLib.CR_Common.NameDefine.NameDefine.stPrgInf.PRG_ID_CBF16100">
            <summary>プログラムID：カウンタ交換リスト</summary>
        </member>
        <member name="F:SX.Silverlight.ClsLib.CR_Common.NameDefine.NameDefine.stPrgInf.PRG_NAME_CBF16100">
            <summary>プログラム名称：カウンタ交換リスト</summary>
        </member>
        <member name="F:SX.Silverlight.ClsLib.CR_Common.NameDefine.NameDefine.stPrgInf.PRG_ID_CBF18100">
            <summary>プログラムID：カード入力確認</summary>
        </member>
        <member name="F:SX.Silverlight.ClsLib.CR_Common.NameDefine.NameDefine.stPrgInf.PRG_NAME_CBF18100">
            <summary>プログラム名称：カード入力確認</summary>
        </member>
        <member name="F:SX.Silverlight.ClsLib.CR_Common.NameDefine.NameDefine.stPrgInf.PRG_ID_CBF19100">
            <summary>プログラムID：カード確定</summary>
        </member>
        <member name="F:SX.Silverlight.ClsLib.CR_Common.NameDefine.NameDefine.stPrgInf.PRG_NAME_CBF19100">
            <summary>プログラム名称：カード確定</summary>
        </member>
        <member name="F:SX.Silverlight.ClsLib.CR_Common.NameDefine.NameDefine.stPrgInf.PRG_ID_CBF73100">
            <summary>プログラムID：カード取引データ検索</summary>
        </member>
        <member name="F:SX.Silverlight.ClsLib.CR_Common.NameDefine.NameDefine.stPrgInf.PRG_NAME_CBF73100">
            <summary>プログラム名称：カード取引データ検索</summary>
        </member>
        <member name="F:SX.Silverlight.ClsLib.CR_Common.NameDefine.NameDefine.stPrgInf.PRG_NAME_CBF73100_0100">
            <summary>プログラム名称：カード取引検索</summary>
        </member>
        <member name="F:SX.Silverlight.ClsLib.CR_Common.NameDefine.NameDefine.stPrgInf.PRG_NAME_CBF73100_0101">
            <summary>プログラム名称：ＮＧ取引検索</summary>
        </member>
        <member name="F:SX.Silverlight.ClsLib.CR_Common.NameDefine.NameDefine.stPrgInf.PRG_NAME_CBF73100_0102">
            <summary>プログラム名称：リアル取引検索</summary>
        </member>
        <member name="F:SX.Silverlight.ClsLib.CR_Common.NameDefine.NameDefine.stPrgInf.PRG_NAME_CBF73100_0200">
            <summary>プログラム名称：デビット取引検索</summary>
        </member>
        <member name="F:SX.Silverlight.ClsLib.CR_Common.NameDefine.NameDefine.stPrgInf.PRG_ID_CBF73200">
            <summary>プログラムID：デビット取引データ検索</summary>
        </member>
        <member name="F:SX.Silverlight.ClsLib.CR_Common.NameDefine.NameDefine.stPrgInf.PRG_NAME_CBF73200">
            <summary>プログラム名称：デビット取引データ検索</summary>
        </member>
        <member name="F:SX.Silverlight.ClsLib.CR_Common.NameDefine.NameDefine.stPrgInf.PRG_ID_CBFFIN01">
            <summary>プログラムID：クレジット取引明細表示</summary>
        </member>
        <member name="F:SX.Silverlight.ClsLib.CR_Common.NameDefine.NameDefine.stPrgInf.PRG_NAME_CBFFIN01">
            <summary>プログラム名称：クレジット取引明細表示</summary>
        </member>
        <member name="F:SX.Silverlight.ClsLib.CR_Common.NameDefine.NameDefine.stPrgInf.PRG_ID_CBF11100">
            <summary>プログラムID：精算時間入力</summary>
        </member>
        <member name="F:SX.Silverlight.ClsLib.CR_Common.NameDefine.NameDefine.stPrgInf.PRG_NAME_CBF11100">
            <summary>プログラム名称：精算時間入力</summary>
        </member>
        <member name="F:SX.Silverlight.ClsLib.CR_Common.NameDefine.NameDefine.stPrgInf.PRG_ID_CBF17100_RPT">
            <summary>プログラムID：伝送結果リスト</summary>
        </member>
        <member name="F:SX.Silverlight.ClsLib.CR_Common.NameDefine.NameDefine.stPrgInf.PRG_NAME_CBF17100_RPT_0101">
            <summary>プログラム名称：事後一括伝送結果リスト</summary>
        </member>
        <member name="F:SX.Silverlight.ClsLib.CR_Common.NameDefine.NameDefine.stPrgInf.PRG_NAME_CBF17100_RPT_0102">
            <summary>プログラム名称：ＩＣ伝送結果リスト</summary>
        </member>
        <member name="F:SX.Silverlight.ClsLib.CR_Common.NameDefine.NameDefine.stPrgInf.PRG_ID_CBF17100_INP">
            <summary>プログラムID：クレジットデータ訂正(承認番号入力)</summary>
        </member>
        <member name="F:SX.Silverlight.ClsLib.CR_Common.NameDefine.NameDefine.stPrgInf.PRG_ID_CBF17101_INP">
            <summary>プログラムID：クレジットデータ訂正(ﾀﾝｷﾝｸﾞﾃﾞｰﾀ訂正)</summary>
        </member>
        <member name="F:SX.Silverlight.ClsLib.CR_Common.NameDefine.NameDefine.stPrgInf.PRG_ID_CBF17102_INP">
            <summary>プログラムID：クレジットデータ訂正(ICｱﾄﾞﾊﾞｲｽﾃﾞｰﾀ訂正)</summary>
        </member>
        <member name="F:SX.Silverlight.ClsLib.CR_Common.NameDefine.NameDefine.stPrgInf.PRG_NAME_CBF17100_INP_0100">
            <summary>プログラム名称：承認番号入力</summary>
        </member>
        <member name="F:SX.Silverlight.ClsLib.CR_Common.NameDefine.NameDefine.stPrgInf.PRG_NAME_CBF17101_INP_0101">
            <summary>プログラム名称：タンキングデータ訂正</summary>
        </member>
        <member name="F:SX.Silverlight.ClsLib.CR_Common.NameDefine.NameDefine.stPrgInf.PRG_NAME_CBF17102_INP_0102">
            <summary>プログラム名称：ＩＣアドバイスデータ訂正</summary>
        </member>
        <member name="F:SX.Silverlight.ClsLib.CR_Common.NameDefine.NameDefine.stPrgInf.PRG_ID_CBF1A100">
            <summary>プログラムID：送受信状況表示</summary>
        </member>
        <member name="F:SX.Silverlight.ClsLib.CR_Common.NameDefine.NameDefine.stPrgInf.PRG_NAME_CBF1A100">
            <summary>プログラム名称：送受信状況表示</summary>
        </member>
        <member name="T:SX.Silverlight.ClsLib.CR_Common.NameDefine.NameDefine.stCrSearch">
            <summary>検索条件文言情報</summary>
        </member>
        <member name="F:SX.Silverlight.ClsLib.CR_Common.NameDefine.NameDefine.stCrSearch.ALL_CODE">
            <summary>オール：コード部分</summary>
        </member>
        <member name="F:SX.Silverlight.ClsLib.CR_Common.NameDefine.NameDefine.stCrSearch.ALL_NAME">
            <summary>オール：名称部分</summary>
        </member>
        <member name="F:SX.Silverlight.ClsLib.CR_Common.NameDefine.NameDefine.stCrSearch.BLN">
            <summary>文言：差額のみ</summary>
        </member>
        <member name="T:SX.Silverlight.ClsLib.CR_Common.NameDefine.NameDefine.stCrCommonName">
            <summary>決済共通名称定義（共通）</summary>
        </member>
        <member name="F:SX.Silverlight.ClsLib.CR_Common.NameDefine.NameDefine.stCrCommonName.CRD_CMP">
            <summary>クレジット会社</summary>
        </member>
        <member name="F:SX.Silverlight.ClsLib.CR_Common.NameDefine.NameDefine.stCrCommonName.MEM_NO">
            <summary>会員番号</summary>
        </member>
        <member name="F:SX.Silverlight.ClsLib.CR_Common.NameDefine.NameDefine.stCrCommonName.LIMIT_DAY">
            <summary>有効期限</summary>
        </member>
        <member name="F:SX.Silverlight.ClsLib.CR_Common.NameDefine.NameDefine.stCrCommonName.FIN_DAY">
            <summary>取引日</summary>
        </member>
        <member name="F:SX.Silverlight.ClsLib.CR_Common.NameDefine.NameDefine.stCrCommonName.FIN_DATE">
            <summary>取引日時</summary>
        </member>
        <member name="F:SX.Silverlight.ClsLib.CR_Common.NameDefine.NameDefine.stCrCommonName.FIN_TIM">
            <summary>取引時刻</summary>
        </member>
        <member name="F:SX.Silverlight.ClsLib.CR_Common.NameDefine.NameDefine.stCrCommonName.SLP_NO">
            <summary>伝票番号</summary>
        </member>
        <member name="F:SX.Silverlight.ClsLib.CR_Common.NameDefine.NameDefine.stCrCommonName.SAL_SLP_NO">
            <summary>売上伝票番号</summary>
        </member>
        <member name="F:SX.Silverlight.ClsLib.CR_Common.NameDefine.NameDefine.stCrCommonName.SAL_DAY">
            <summary>売上日</summary>
        </member>
        <member name="F:SX.Silverlight.ClsLib.CR_Common.NameDefine.NameDefine.stCrCommonName.SAL_DATE">
            <summary>売上日時</summary>
        </member>
        <member name="F:SX.Silverlight.ClsLib.CR_Common.NameDefine.NameDefine.stCrCommonName.MAR_DIVI">
            <summary>商品区分</summary>
        </member>
        <member name="F:SX.Silverlight.ClsLib.CR_Common.NameDefine.NameDefine.stCrCommonName.JOB_DIVI">
            <summary>取引内容</summary>
        </member>
        <member name="F:SX.Silverlight.ClsLib.CR_Common.NameDefine.NameDefine.stCrCommonName.JOB_DIVI_SHORT">
            <summary>業務(業務区分短縮系）</summary>
        </member>
        <member name="F:SX.Silverlight.ClsLib.CR_Common.NameDefine.NameDefine.stCrCommonName.CAN_DIVI">
            <summary>取消区分</summary>
        </member>
        <member name="F:SX.Silverlight.ClsLib.CR_Common.NameDefine.NameDefine.stCrCommonName.PAY_DIVI">
            <summary>取扱区分</summary>
        </member>
        <member name="F:SX.Silverlight.ClsLib.CR_Common.NameDefine.NameDefine.stCrCommonName.PAY_DIVI_SHORT">
            <summary>取扱（取扱区分短縮系）</summary>
        </member>
        <member name="F:SX.Silverlight.ClsLib.CR_Common.NameDefine.NameDefine.stCrCommonName.CONTINUE_NO">
            <summary>一連ＮＯ</summary>
        </member>
        <member name="F:SX.Silverlight.ClsLib.CR_Common.NameDefine.NameDefine.stCrCommonName.ATM">
            <summary>金額</summary>
        </member>
        <member name="F:SX.Silverlight.ClsLib.CR_Common.NameDefine.NameDefine.stCrCommonName.TAX">
            <summary>税・送料</summary>
        </member>
        <member name="F:SX.Silverlight.ClsLib.CR_Common.NameDefine.NameDefine.stCrCommonName.ATM_SUM">
            <summary>合計額</summary>
        </member>
        <member name="F:SX.Silverlight.ClsLib.CR_Common.NameDefine.NameDefine.stCrCommonName.RCG_NO">
            <summary>承認番号</summary>
        </member>
        <member name="F:SX.Silverlight.ClsLib.CR_Common.NameDefine.NameDefine.stCrCommonName.ERR_COD">
            <summary>エラーコード</summary>
        </member>
        <member name="F:SX.Silverlight.ClsLib.CR_Common.NameDefine.NameDefine.stCrCommonName.SEND_DAY">
            <summary>伝送日</summary>
        </member>
        <member name="F:SX.Silverlight.ClsLib.CR_Common.NameDefine.NameDefine.stCrCommonName.SEND_DATE">
            <summary>伝送日時</summary>
        </member>
        <member name="F:SX.Silverlight.ClsLib.CR_Common.NameDefine.NameDefine.stCrCommonName.USE_NET_DIVI">
            <summary>使用ネットワーク区分</summary>
        </member>
        <member name="F:SX.Silverlight.ClsLib.CR_Common.NameDefine.NameDefine.stCrCommonName.SMK_CMP_COD">
            <summary>仕向会社コード</summary>
        </member>
        <member name="F:SX.Silverlight.ClsLib.CR_Common.NameDefine.NameDefine.stCrCommonName.SMK_SUB_CMP_COD">
            <summary>仕向会社サブコード</summary>
        </member>
        <member name="F:SX.Silverlight.ClsLib.CR_Common.NameDefine.NameDefine.stCrCommonName.CET_ID">
            <summary>差出センタＩＤ</summary>
        </member>
        <member name="F:SX.Silverlight.ClsLib.CR_Common.NameDefine.NameDefine.stCrCommonName.HSC_CMP_COD">
            <summary>被仕向会社コード</summary>
        </member>
        <member name="F:SX.Silverlight.ClsLib.CR_Common.NameDefine.NameDefine.stCrCommonName.HSC_SUB_CMP_COD">
            <summary>被仕向会社サブコード</summary>
        </member>
        <member name="F:SX.Silverlight.ClsLib.CR_Common.NameDefine.NameDefine.stCrCommonName.BLL_COD">
            <summary>請求先コード</summary>
        </member>
        <member name="F:SX.Silverlight.ClsLib.CR_Common.NameDefine.NameDefine.stCrCommonName.FEE_CMP_COD">
            <summary>手数料会社コード</summary>
        </member>
        <member name="F:SX.Silverlight.ClsLib.CR_Common.NameDefine.NameDefine.stCrCommonName.NEG_CMP_COD">
            <summary>ネガ会社コード</summary>
        </member>
        <member name="F:SX.Silverlight.ClsLib.CR_Common.NameDefine.NameDefine.stCrCommonName.TER_DCN">
            <summary>端末識別番号</summary>
        </member>
        <member name="F:SX.Silverlight.ClsLib.CR_Common.NameDefine.NameDefine.stCrCommonName.TER_THNO">
            <summary>端末処理通番</summary>
        </member>
        <member name="F:SX.Silverlight.ClsLib.CR_Common.NameDefine.NameDefine.stCrCommonName.CFS_PTNO">
            <summary>ＣＡＦＩＳ処理通番</summary>
        </member>
        <member name="F:SX.Silverlight.ClsLib.CR_Common.NameDefine.NameDefine.stCrCommonName.FIN_CONTINUE_NO">
            <summary>取引一連番号</summary>
        </member>
        <member name="F:SX.Silverlight.ClsLib.CR_Common.NameDefine.NameDefine.stCrCommonName.TRN_RETURN_STS">
            <summary>トラン応答ステータス</summary>
        </member>
        <member name="F:SX.Silverlight.ClsLib.CR_Common.NameDefine.NameDefine.stCrCommonName.HORYU_FIN">
            <summary>保留取引</summary>
        </member>
        <member name="F:SX.Silverlight.ClsLib.CR_Common.NameDefine.NameDefine.stCrCommonName.PROCESS">
            <summary>処理</summary>
        </member>
        <member name="F:SX.Silverlight.ClsLib.CR_Common.NameDefine.NameDefine.stCrCommonName.PAY_START_MONTH">
            <summary>支払開始月</summary>
        </member>
        <member name="F:SX.Silverlight.ClsLib.CR_Common.NameDefine.NameDefine.stCrCommonName.Z_DAY">
            <summary>精算日付</summary>
        </member>
        <member name="F:SX.Silverlight.ClsLib.CR_Common.NameDefine.NameDefine.stCrCommonName.Z_TIM">
            <summary>精算時刻</summary>
        </member>
        <member name="F:SX.Silverlight.ClsLib.CR_Common.NameDefine.NameDefine.stCrCommonName.COL_RES">
            <summary>収集結果</summary>
        </member>
        <member name="F:SX.Silverlight.ClsLib.CR_Common.NameDefine.NameDefine.stCrCommonName.DIVI">
            <summary>区分</summary>
        </member>
        <member name="F:SX.Silverlight.ClsLib.CR_Common.NameDefine.NameDefine.stCrCommonName.SEND_INF">
            <summary>伝送状況</summary>
        </member>
        <member name="F:SX.Silverlight.ClsLib.CR_Common.NameDefine.NameDefine.stCrCommonName.PTNO">
            <summary>処理通番</summary>
        </member>
        <member name="T:SX.Silverlight.ClsLib.CR_Common.NameDefine.NameDefine.stCrCommonNameDebit">
            <summary>決済共通名称定義(デビット)</summary>
        </member>
        <member name="F:SX.Silverlight.ClsLib.CR_Common.NameDefine.NameDefine.stCrCommonNameDebit.PDTE">
            <summary>引落日</summary>
        </member>
        <member name="F:SX.Silverlight.ClsLib.CR_Common.NameDefine.NameDefine.stCrCommonNameDebit.SLP_BNK_COD">
            <summary>金融機関コード</summary>
        </member>
        <member name="F:SX.Silverlight.ClsLib.CR_Common.NameDefine.NameDefine.stCrCommonNameDebit.SLP_BRN_COD">
            <summary>支店コード</summary>
        </member>
        <member name="F:SX.Silverlight.ClsLib.CR_Common.NameDefine.NameDefine.stCrCommonNameDebit.SLP_ANO">
            <summary>口座番号</summary>
        </member>
        <member name="F:SX.Silverlight.ClsLib.CR_Common.NameDefine.NameDefine.stCrCommonNameDebit.SLP_BNK_BRN_ANO">
            <summary>金融-支店-口座</summary>
        </member>
        <member name="T:SX.Silverlight.ClsLib.CR_Common.NameDefine.NameDefine.stPayDiviNam">
            <summary> 支払区分名称 </summary>
        </member>
        <member name="F:SX.Silverlight.ClsLib.CR_Common.NameDefine.NameDefine.stPayDiviNam.ONE_TIME">
            <summary>一括</summary>
        </member>
        <member name="F:SX.Silverlight.ClsLib.CR_Common.NameDefine.NameDefine.stPayDiviNam.REVO">
            <summary>リボルビング</summary>
        </member>
        <member name="F:SX.Silverlight.ClsLib.CR_Common.NameDefine.NameDefine.stPayDiviNam.DIVISION">
            <summary>分割</summary>
        </member>
        <member name="F:SX.Silverlight.ClsLib.CR_Common.NameDefine.NameDefine.stPayDiviNam.BONUS">
            <summary>ボーナス</summary>
        </member>
        <member name="F:SX.Silverlight.ClsLib.CR_Common.NameDefine.NameDefine.stPayDiviNam.BONUS_TOGETHER">
            <summary>ボーナス併用</summary>
        </member>
        <member name="T:SX.Silverlight.ClsLib.CR_Common.NameDefine.NameDefine.stPayDiviPrefix">
            <summary> 支払区分接頭文字列 </summary>
        </member>
        <member name="F:SX.Silverlight.ClsLib.CR_Common.NameDefine.NameDefine.stPayDiviPrefix.SALE">
            <summary>売上</summary>
        </member>
        <member name="F:SX.Silverlight.ClsLib.CR_Common.NameDefine.NameDefine.stPayDiviPrefix.CANCEL">
            <summary>取消・返品</summary>
        </member>
        <member name="T:SX.Silverlight.ClsLib.CR_Common.NameDefine.NameDefine.stPayLabel">
            <summary> ラベル表示文字列 </summary>
        </member>
        <member name="F:SX.Silverlight.ClsLib.CR_Common.NameDefine.NameDefine.stPayLabel.PAY_NAME_BONUS">
            <summary>ボーナス</summary>
        </member>
        <member name="F:SX.Silverlight.ClsLib.CR_Common.NameDefine.NameDefine.stPayLabel.PAY_NAME_DIVISION">
            <summary>分割</summary>
        </member>
        <member name="F:SX.Silverlight.ClsLib.CR_Common.NameDefine.NameDefine.stPayLabel.PAY_INF_MONEY">
            <summary>金額</summary>
        </member>
        <member name="F:SX.Silverlight.ClsLib.CR_Common.NameDefine.NameDefine.stPayLabel.PAY_INF_MONTH">
            <summary>月</summary>
        </member>
        <member name="F:SX.Silverlight.ClsLib.CR_Common.NameDefine.NameDefine.stPayLabel.PAY_INF_ITM">
            <summary>回数</summary>
        </member>
        <member name="F:SX.Silverlight.ClsLib.CR_Common.NameDefine.NameDefine.stPayLabel.PAY_INITIAL_MONEY">
            <summary>初回金</summary>
        </member>
        <member name="T:SX.Silverlight.ClsLib.CR_Common.NameDefine.NameDefine.stJobDiviNam">
            <summary> 業務区分名称 </summary>
        </member>
        <member name="F:SX.Silverlight.ClsLib.CR_Common.NameDefine.NameDefine.stJobDiviNam.SALE">
            <summary>売上</summary>
        </member>
        <member name="F:SX.Silverlight.ClsLib.CR_Common.NameDefine.NameDefine.stJobDiviNam.CANCEL">
            <summary>取消</summary>
        </member>
        <member name="F:SX.Silverlight.ClsLib.CR_Common.NameDefine.NameDefine.stJobDiviNam.RETURN">
            <summary>返品</summary>
        </member>
        <member name="T:SX.Silverlight.ClsLib.CR_Common.NameDefine.NameDefine.EnmGinfMCodInpTflg">
            <summary>ｶﾞｲﾀﾞﾝｽ情報商品区分入力有無</summary>
        </member>
        <member name="F:SX.Silverlight.ClsLib.CR_Common.NameDefine.NameDefine.EnmGinfMCodInpTflg.off">
            <summary>入力無し</summary>
        </member>
        <member name="F:SX.Silverlight.ClsLib.CR_Common.NameDefine.NameDefine.EnmGinfMCodInpTflg.on">
            <summary>入力有り</summary>
        </member>
        <member name="T:SX.Silverlight.ClsLib.CR_Common.NameDefine.NameDefine.EnmGinfTxpInpTflg">
            <summary>ｶﾞｲﾀﾞﾝｽ情報税・送料入力有無</summary>
        </member>
        <member name="F:SX.Silverlight.ClsLib.CR_Common.NameDefine.NameDefine.EnmGinfTxpInpTflg.off">
            <summary>入力無し</summary>
        </member>
        <member name="F:SX.Silverlight.ClsLib.CR_Common.NameDefine.NameDefine.EnmGinfTxpInpTflg.on">
            <summary>入力有り</summary>
        </member>
        <member name="T:SX.Silverlight.ClsLib.CR_Common.NameDefine.NameDefine.EnmGinfPsmInpTflg">
            <summary>ｶﾞｲﾀﾞﾝｽ情報支払開始月入力有無</summary>
        </member>
        <member name="F:SX.Silverlight.ClsLib.CR_Common.NameDefine.NameDefine.EnmGinfPsmInpTflg.off">
            <summary>入力無し</summary>
        </member>
        <member name="F:SX.Silverlight.ClsLib.CR_Common.NameDefine.NameDefine.EnmGinfPsmInpTflg.on">
            <summary>入力有り</summary>
        </member>
        <member name="T:SX.Silverlight.ClsLib.CR_Common.NameDefine.NameDefine.EnmCMErrCode">
            <summary>CrossMissionエラーコード定義</summary>
        </member>
        <member name="F:SX.Silverlight.ClsLib.CR_Common.NameDefine.NameDefine.EnmCMErrCode.timeout">
            <summary>タイムアウト</summary>
        </member>
        <member name="F:SX.Silverlight.ClsLib.CR_Common.NameDefine.NameDefine.EnmCMErrCode.busy">
            <summary>ビジー</summary>
        </member>
        <member name="F:SX.Silverlight.ClsLib.CR_Common.NameDefine.NameDefine.EnmCMErrCode.not_start_service">
            <summary>サービス未起動</summary>
        </member>
        <member name="T:SX.Silverlight.ClsLib.CR_Common.NameDefine.NameDefine.EnmCounterStedFlg">
            <summary>カウンタ開始終了フラグ</summary>
        </member>
        <member name="F:SX.Silverlight.ClsLib.CR_Common.NameDefine.NameDefine.EnmCounterStedFlg.startCounter">
            <summary>開始カウンタ</summary>
        </member>
        <member name="F:SX.Silverlight.ClsLib.CR_Common.NameDefine.NameDefine.EnmCounterStedFlg.endCounter">
            <summary>終了カウンタ</summary>
        </member>
        <member name="T:SX.Silverlight.ClsLib.CR_Common.NameDefine.NameDefine.EnmPayDiviHedMode">
            <summary>支払区分頭１桁モード(ボーナス=2X/ボーナス併用=3X/分割=6X)</summary>
        </member>
        <member name="F:SX.Silverlight.ClsLib.CR_Common.NameDefine.NameDefine.EnmPayDiviHedMode.oneTime">
            <summary>一括</summary>
        </member>
        <member name="F:SX.Silverlight.ClsLib.CR_Common.NameDefine.NameDefine.EnmPayDiviHedMode.bonus">
            <summary>ボーナス</summary>
        </member>
        <member name="F:SX.Silverlight.ClsLib.CR_Common.NameDefine.NameDefine.EnmPayDiviHedMode.bonusTogether">
            <summary>ボーナス併用</summary>
        </member>
        <member name="F:SX.Silverlight.ClsLib.CR_Common.NameDefine.NameDefine.EnmPayDiviHedMode.division">
            <summary>分割</summary>
        </member>
        <member name="F:SX.Silverlight.ClsLib.CR_Common.NameDefine.NameDefine.EnmPayDiviHedMode.ribo">
            <summary>リボ</summary>
        </member>
        <member name="T:SX.Silverlight.ClsLib.CR_Common.NameDefine.NameDefine.EnmPayDiviMode">
            <summary>支払区分モード</summary>
        </member>
        <member name="F:SX.Silverlight.ClsLib.CR_Common.NameDefine.NameDefine.EnmPayDiviMode.oneTime">
            <summary>一括</summary>
        </member>
        <member name="F:SX.Silverlight.ClsLib.CR_Common.NameDefine.NameDefine.EnmPayDiviMode.bonus1">
            <summary>ボーナス：手順１</summary>
        </member>
        <member name="F:SX.Silverlight.ClsLib.CR_Common.NameDefine.NameDefine.EnmPayDiviMode.bonus2">
            <summary>ボーナス：手順２</summary>
        </member>
        <member name="F:SX.Silverlight.ClsLib.CR_Common.NameDefine.NameDefine.EnmPayDiviMode.bonus3">
            <summary>ボーナス：手順３</summary>
        </member>
        <member name="F:SX.Silverlight.ClsLib.CR_Common.NameDefine.NameDefine.EnmPayDiviMode.bonus4">
            <summary>ボーナス：手順４</summary>
        </member>
        <member name="F:SX.Silverlight.ClsLib.CR_Common.NameDefine.NameDefine.EnmPayDiviMode.bonus5">
            <summary>ボーナス：手順５</summary>
        </member>
        <member name="F:SX.Silverlight.ClsLib.CR_Common.NameDefine.NameDefine.EnmPayDiviMode.bonusTogether1">
            <summary>ボーナス併用：手順１</summary>
        </member>
        <member name="F:SX.Silverlight.ClsLib.CR_Common.NameDefine.NameDefine.EnmPayDiviMode.bonusTogether2">
            <summary>ボーナス併用：手順２</summary>
        </member>
        <member name="F:SX.Silverlight.ClsLib.CR_Common.NameDefine.NameDefine.EnmPayDiviMode.bonusTogether3">
            <summary>ボーナス併用：手順３</summary>
        </member>
        <member name="F:SX.Silverlight.ClsLib.CR_Common.NameDefine.NameDefine.EnmPayDiviMode.bonusTogether4">
            <summary>ボーナス併用：手順４</summary>
        </member>
        <member name="F:SX.Silverlight.ClsLib.CR_Common.NameDefine.NameDefine.EnmPayDiviMode.division1">
            <summary>分割：手順１</summary>
        </member>
        <member name="F:SX.Silverlight.ClsLib.CR_Common.NameDefine.NameDefine.EnmPayDiviMode.division2">
            <summary>分割：手順２</summary>
        </member>
        <member name="F:SX.Silverlight.ClsLib.CR_Common.NameDefine.NameDefine.EnmPayDiviMode.division3">
            <summary>分割：手順３</summary>
        </member>
        <member name="F:SX.Silverlight.ClsLib.CR_Common.NameDefine.NameDefine.EnmPayDiviMode.ribo">
            <summary>リボ：手順１</summary>
        </member>
        <member name="T:SX.Silverlight.ClsLib.CR_Common.NameDefine.NameDefine.EnmPayDatDataKnd">
            <summary>データ識別（支払データ）</summary>
        </member>
        <member name="F:SX.Silverlight.ClsLib.CR_Common.NameDefine.NameDefine.EnmPayDatDataKnd.END">
            <summary>データ終了</summary>
        </member>
        <member name="F:SX.Silverlight.ClsLib.CR_Common.NameDefine.NameDefine.EnmPayDatDataKnd.StartManth">
            <summary>支払開始月</summary>
        </member>
        <member name="F:SX.Silverlight.ClsLib.CR_Common.NameDefine.NameDefine.EnmPayDatDataKnd.StartMoney">
            <summary>初回金額</summary>
        </member>
        <member name="F:SX.Silverlight.ClsLib.CR_Common.NameDefine.NameDefine.EnmPayDatDataKnd.DivisionItm">
            <summary>分割回数</summary>
        </member>
        <member name="F:SX.Silverlight.ClsLib.CR_Common.NameDefine.NameDefine.EnmPayDatDataKnd.DivisionMoney">
            <summary>分割金額（繰り返し有り：最大６回）</summary>
        </member>
        <member name="F:SX.Silverlight.ClsLib.CR_Common.NameDefine.NameDefine.EnmPayDatDataKnd.BonusItm">
            <summary>ボーナス回数</summary>
        </member>
        <member name="F:SX.Silverlight.ClsLib.CR_Common.NameDefine.NameDefine.EnmPayDatDataKnd.BonusMonth">
            <summary>ボーナス月（繰り返し有り：最大６回）</summary>
        </member>
        <member name="F:SX.Silverlight.ClsLib.CR_Common.NameDefine.NameDefine.EnmPayDatDataKnd.BonusMoney">
            <summary>ボーナス金額（繰り返し有り：最大６回）</summary>
        </member>
        <member name="T:SX.Silverlight.ClsLib.CR_Common.NameDefine.NameDefine.EnmJobDiviMode">
            <summary>業務区分モード</summary>
        </member>
        <member name="F:SX.Silverlight.ClsLib.CR_Common.NameDefine.NameDefine.EnmJobDiviMode.sale">
            <summary>売上</summary>
        </member>
        <member name="F:SX.Silverlight.ClsLib.CR_Common.NameDefine.NameDefine.EnmJobDiviMode.cancel">
            <summary>取消/返品</summary>
        </member>
        <member name="T:SX.Silverlight.ClsLib.CR_Common.NameDefine.NameDefine.EnmCanDiviMode">
            <summary>取消区分モード</summary>
        </member>
        <member name="F:SX.Silverlight.ClsLib.CR_Common.NameDefine.NameDefine.EnmCanDiviMode.sale">
            <summary>売上</summary>
        </member>
        <member name="F:SX.Silverlight.ClsLib.CR_Common.NameDefine.NameDefine.EnmCanDiviMode.cancel">
            <summary>取消</summary>
        </member>
        <member name="F:SX.Silverlight.ClsLib.CR_Common.NameDefine.NameDefine.EnmCanDiviMode.returned">
            <summary>返品</summary>
        </member>
        <member name="T:SX.Silverlight.ClsLib.CR_Common.NameDefine.NameDefine.EnmTbSlpNoMng_SlpNoDivi">
            <summary>伝票番号発番区分</summary>
        </member>
        <member name="F:SX.Silverlight.ClsLib.CR_Common.NameDefine.NameDefine.EnmTbSlpNoMng_SlpNoDivi.input_slp">
            <summary>伝票入力</summary>
        </member>
        <member name="T:SX.Silverlight.ClsLib.CR_Common.NameDefine.NameDefine.EnmTbCdpComp_Divi">
            <summary>区分</summary>
        </member>
        <member name="F:SX.Silverlight.ClsLib.CR_Common.NameDefine.NameDefine.EnmTbCdpComp_Divi.mem_no_len_19">
            <summary>会員番号19桁</summary>
        </member>
        <member name="F:SX.Silverlight.ClsLib.CR_Common.NameDefine.NameDefine.EnmTbCdpComp_Divi.mem_no_len_16">
            <summary>会員番号16桁</summary>
        </member>
        <member name="T:SX.Silverlight.ClsLib.CR_Common.NameDefine.NameDefine.EnmTbCrdMainOptInf_PlpSendFlg">
            <summary>事後伝送一括有無</summary>
        </member>
        <member name="F:SX.Silverlight.ClsLib.CR_Common.NameDefine.NameDefine.EnmTbCrdMainOptInf_PlpSendFlg.plp_send">
            <summary>事後伝送一括あり</summary>
        </member>
        <member name="T:SX.Silverlight.ClsLib.CR_Common.NameDefine.NameDefine.EnmTbTnkDat_CfsSndFlg">
            <summary>ＣＡＦＩＳ送信結果フラグ</summary>
        </member>
        <member name="F:SX.Silverlight.ClsLib.CR_Common.NameDefine.NameDefine.EnmTbTnkDat_CfsSndFlg.not_snd">
            <summary>未送信</summary>
        </member>
        <member name="F:SX.Silverlight.ClsLib.CR_Common.NameDefine.NameDefine.EnmTbTnkDat_CfsSndFlg.snd_ng">
            <summary>送信ＮＧ</summary>
        </member>
        <member name="F:SX.Silverlight.ClsLib.CR_Common.NameDefine.NameDefine.EnmTbTnkDat_CfsSndFlg.snd_ok">
            <summary>送信ＯＫ</summary>
        </member>
        <member name="T:SX.Silverlight.ClsLib.CR_Common.NameDefine.NameDefine.EnmTbICFinTrn_SndFlg">
            <summary>送信フラグ</summary>
        </member>
        <member name="F:SX.Silverlight.ClsLib.CR_Common.NameDefine.NameDefine.EnmTbICFinTrn_SndFlg.not_snd">
            <summary>未送信</summary>
        </member>
        <member name="F:SX.Silverlight.ClsLib.CR_Common.NameDefine.NameDefine.EnmTbICFinTrn_SndFlg.process">
            <summary>処理中</summary>
        </member>
        <member name="F:SX.Silverlight.ClsLib.CR_Common.NameDefine.NameDefine.EnmTbICFinTrn_SndFlg.snd_now">
            <summary>送信中</summary>
        </member>
        <member name="F:SX.Silverlight.ClsLib.CR_Common.NameDefine.NameDefine.EnmTbICFinTrn_SndFlg.snd_end">
            <summary>送信済</summary>
        </member>
        <member name="T:SX.Silverlight.ClsLib.CR_Common.NameDefine.NameDefine.EnmTbICFinTrn_SndResFlg">
            <summary>送信結果フラグ</summary>
        </member>
        <member name="F:SX.Silverlight.ClsLib.CR_Common.NameDefine.NameDefine.EnmTbICFinTrn_SndResFlg.not_snd">
            <summary>未処理</summary>
        </member>
        <member name="F:SX.Silverlight.ClsLib.CR_Common.NameDefine.NameDefine.EnmTbICFinTrn_SndResFlg.snd_ok">
            <summary>送信正常</summary>
        </member>
        <member name="F:SX.Silverlight.ClsLib.CR_Common.NameDefine.NameDefine.EnmTbICFinTrn_SndResFlg.snd_ng">
            <summary>送信異常</summary>
        </member>
        <member name="F:SX.Silverlight.ClsLib.CR_Common.NameDefine.NameDefine.EnmTbICFinTrn_SndResFlg.ovl_snd">
            <summary>二重送信</summary>
        </member>
        <member name="T:SX.Silverlight.ClsLib.CR_Common.NameDefine.NameDefine.EnmTbICFinTrn_NGfFlg">
            <summary>ＮＧ取引フラグ</summary>
        </member>
        <member name="F:SX.Silverlight.ClsLib.CR_Common.NameDefine.NameDefine.EnmTbICFinTrn_NGfFlg.allow_ic">
            <summary>ＩＣ許可</summary>
        </member>
        <member name="F:SX.Silverlight.ClsLib.CR_Common.NameDefine.NameDefine.EnmTbICFinTrn_NGfFlg.not_allow_ic">
            <summary>ＩＣ拒否</summary>
        </member>
        <member name="T:SX.Silverlight.ClsLib.CR_Common.NameDefine.NameDefine.EnmTbICFinTrn_CrdFinMFlg">
            <summary>カード取引作成フラグ</summary>
        </member>
        <member name="F:SX.Silverlight.ClsLib.CR_Common.NameDefine.NameDefine.EnmTbICFinTrn_CrdFinMFlg.not_make">
            <summary>未作成</summary>
        </member>
        <member name="F:SX.Silverlight.ClsLib.CR_Common.NameDefine.NameDefine.EnmTbICFinTrn_CrdFinMFlg.maked">
            <summary>カード取引データ作成</summary>
        </member>
    </members>
</doc>
