<?xml version="1.0" encoding="UTF-8" ?>
<!DOCTYPE mapper
PUBLIC "-//mybatis.org//DTD Mapper 3.0//EN"
"http://mybatis.org/dtd/mybatis-3-mapper.dtd">
<mapper namespace="jisCdSearch">
    <resultMap id="result" type="jisCdSearch">
        <id column="jis_cd" property="jisCd" />
        <result column="JUSHO_1" property="jusho1" />
        <result column="JUSHO_2" property="jusho2" />
        <result column="JUSHO_3" property="jusho3" />
        <result column="JUSHO_4" property="jusho4" />
    </resultMap>
    
    <!-- select -->
    <!-- 抽出条件未設定 -->
    <select id="findJisCd" parameterType="jisCdSearch" resultMap="result">
    <![CDATA[ 
        select
            m.jis_cd
          , substr(m.kanji_jusho,  1, 10) AS jusho_1
          , substr(m.kanji_jusho, 11, 10) AS jusho_2
        from
          vw_jusho_jis_test m
        where
            1 = 1   
        and m.jis_cd = '11111'
        order by
          m.jis_cd
    ]]>
    </select>
</mapper>
