<?xml version="1.0" encoding="UTF-8" ?>
<!DOCTYPE mapper
PUBLIC "-//mybatis.org//DTD Mapper 3.0//EN"
"http://mybatis.org/dtd/mybatis-3-mapper.dtd">
<mapper namespace="jushoJis">
    <resultMap id="result" type="jushoJis">
        <id column="jis_cd" property="jisCd" />
        <result column="kanji_jusho" property="jusho" />
        <result column="rito_umu_flg" property="ritoUmuFlg" />
        <result column="kyu_jusho_flg" property="kyuJushoFlg" />
        <result column="shiyo_fuka_flg" property="shiyoFukaFlg" />
    </resultMap>
    
    
     <select id="findJisCd" parameterType="jushoJis" resultMap="result">
        select
            m.jis_cd
          , m.kanji_jusho
          , m.rito_umu_flg
          , m.kyu_jusho_flg
          , m.shiyo_fuka_flg
        from
          vw_jusho_jis_test m
        where
           1 = 1   
          and #{tekiyoBi} between m.tekiyo_kaishibi and m.tekiyo_shuryobi    
          <if test="conJusho != null and conJusho != ''"> and m.kanji_jusho like #{conJusho} || '%' </if> 
       
        order by m.jis_cd
    </select>
    
</mapper>
