<?xml version="1.0" encoding="UTF-8" ?>
<!DOCTYPE mapper
PUBLIC "-//mybatis.org//DTD Mapper 3.0//EN"
"http://mybatis.org/dtd/mybatis-3-mapper.dtd">
<mapper namespace="shinJushoSearch">
    <resultMap id="result" type="shinJushoSearch">
        <result column="YUBIN_BANGO" property="yubinBango" />
        <result column="JIS_CD" property="jisCd" />
        <result column="JUSHO_1" property="jusho1" />
        <result column="JUSHO_2" property="jusho2" />
        <result column="JUSHO_3" property="jusho3" />
        <result column="JUSHO_4" property="jusho4" />
    </resultMap>

    <!-- select -->
    <!-- 抽出条件未設定 -->
    <select id="findShinJusho" parameterType="shinJushoSearch" resultMap="result">
    <![CDATA[ 
        SELECT
          MJJ.SHIN_JIS_CD AS JIS_CD
        , SUBSTRB(MTO.TODOFUKEN_MEI_KANJI || MJC.SHIKUCHOSON_MEI_KANJI, 1,20) AS JUSHO_1
        , SUBSTRB(MTO.TODOFUKEN_MEI_KANJI || MJC.SHIKUCHOSON_MEI_KANJI,21,20) AS JUSHO_4
        FROM (
          SELECT
            JIS_CD
          , SHIN_JIS_CD
          FROM
            VW_JUSHO_JIS_TEST M
          WHERE
            1 = 1
        ) MJJ
        INNER JOIN (
          SELECT
            JIS_CD
          , TODOFUKEN_CD
          , SHIKUCHOSON_MEI_KANJI
          , ROW_NUMBER() OVER (PARTITION BY JIS_CD ORDER BY TEKIYO_KAISHIBI DESC) AS NUM
          FROM
            MS_JIS_CD
          WHERE
              TEKIYO_KAISHIBI < SYSDATE
          AND SAKUJO_FLG = 0
        ) MJC
        ON MJJ.SHIN_JIS_CD = MJC.JIS_CD
        LEFT JOIN MS_TODOFUKEN MTO
        ON MJC.TODOFUKEN_CD = MTO.TODOFUKEN_CD
        WHERE
            MJC.NUM = 1
        AND MTO.SAKUJO_FLG = 0
    ]]>
    </select>
</mapper>
