<?xml version="1.0" encoding="UTF-8" ?>
<!DOCTYPE mapper
PUBLIC "-//mybatis.org//DTD Mapper 3.0//EN"
"http://mybatis.org/dtd/mybatis-3-mapper.dtd">
<mapper namespace="yubinBangoSearch">
    <resultMap id="result" type="yubinBangoSearch">
        <result column="YUBIN_BANGO" property="yubinBango" />
        <result column="JIS_CD" property="jisCd" />
        <result column="JUSHO_1" property="jusho1" />
        <result column="JUSHO_2" property="jusho2" />
        <result column="JUSHO_3" property="jusho3" />
        <result column="JUSHO_4" property="jusho4" />
    </resultMap>
    
    <!-- select -->
    <!-- 抽出条件未設定 -->
    <select id="findYubinBango" parameterType="yubinBangoSearch" resultMap="result">
    <![CDATA[ 
      SELECT
        SUBSTRB(YUBIN_BANGO, 1, 3) || '-' || SUBSTRB(YUBIN_BANGO, 4, 5) AS YUBIN_BANGO
      , SUBSTRB(JUSHO_1,  1, 20) AS JUSHO_1
      , SUBSTRB(JUSHO_1, 21, 20) AS JUSHO_4
      , JUSHO_2
      , JIS_CD
      FROM (
        SELECT
          YUBIN_BANGO
        , ( TODOFUKEN_MEI || SHIKUCHOSON_MEI ) AS JUSHO_1
        , CHOIKI_MEI AS JUSHO_2
        , JIS_CD
        , ROW_NUMBER() OVER (PARTITION BY YUBIN_BANGO, JUFUKU_KBN ORDER BY EDABAN DESC) AS NUM
        FROM
          MS_YUBIN_BANGO
        WHERE
            SAKUJO_FLG = 0
        AND YUBIN_BANGO = '1000001' 
      ) WKMSUB
      WHERE
        NUM = 1
    ]]>
    </select>
</mapper>
