<?xml version="1.0" encoding="UTF-8"?>
<!DOCTYPE generatorConfiguration 
  PUBLIC "-//mybatis.org//DTD MyBatis Generator Configuration 1.0//EN" 
  "http://mybatis.org/dtd/mybatis-generator-config_1_0.dtd" >
<!-- MyBatisジェネレータ -->
<generatorConfiguration>
    <classPathEntry location="C:/SSNavi-KLS/SSNavi-Service/src/main/webapp/WEB-INF/lib/ojdbc8.jar"/>
    <!-- マスタ用 -->
    <!--
    <context id="mst" targetRuntime="MyBatis3" >            
        <commentGenerator>
            <property name="suppressDate" value="true" />
        </commentGenerator>
        <jdbcConnection driverClass="oracle.jdbc.driver.OracleDriver"
          connectionURL="jdbc:oracle:thin:@(DESCRIPTION=(ADDRESS=(PROTOCOL=TCP)(HOST=192.168.63.89)(PORT=1521))(CONNECT_DATA=(SERVER=DEDICATED)(SERVICE_NAME = orclpdb)))" 
                        UserCd="axis_dev" password="axis00" />
        <javaModelGenerator targetPackage="jp.co.kintetsuls.service.model.generate"
          targetProject="C:/SSNavi-KLS/SSNavi-Service-KLS/src/main/java"  />
        <sqlMapGenerator targetPackage="resources.mybatis-kls.generate"
          targetProject="C:/SSNavi-KLS/SSNavi-Service-KLS/src/main" />
        <javaClientGenerator targetPackage="jp.co.kintetsuls.service.mapper.generate"
          targetProject="C:/SSNavi-KLS/SSNavi-Service-KLS/src/main/java" type="XMLMAPPER"/>
        <table tableName="MS_USER" >
        </table>
    </context>
    -->
    <!-- 顧客管理用 -->
    <context id="cus" targetRuntime="MyBatis3" >
        <commentGenerator>
            <property name="suppressDate" value="true" />
        </commentGenerator>
        <jdbcConnection driverClass="oracle.jdbc.driver.OracleDriver"
          connectionURL="jdbc:oracle:thin:@(DESCRIPTION=(ADDRESS=(PROTOCOL=TCP)(HOST=192.168.63.89)(PORT=1521))(CONNECT_DATA=(SERVER=DEDICATED)(SERVICE_NAME = orclpdb)))" 
                        UserCd="axis_dev" password="axis00" />
        <javaModelGenerator targetPackage="jp.co.kintetsuls.service.model.generate"
          targetProject="C:/SSNavi-KLS/SSNavi-Service-KLS/src/main/java"  />
        <sqlMapGenerator targetPackage="resources.mybatis-kls.generate"
          targetProject="C:/SSNavi-KLS/SSNavi-Service-KLS/src/main" />
        <javaClientGenerator targetPackage="jp.co.kintetsuls.service.mapper.generate"
          targetProject="C:/SSNavi-KLS/SSNavi-Service-KLS/src/main/java" type="XMLMAPPER"/>
        <table tableName="MS_KOKYAKU" mapperName="MS_KOKYAKUMapper" domainObjectName="MS_KOKYAKU">
        </table>
    </context>
</generatorConfiguration>
