<?xml version="1.0" encoding="UTF-8"?>
<!DOCTYPE configuration
PUBLIC "-//mybatis.org//DTD Config 3.0//EN"
"http://mybatis.org/dtd/mybatis-3-config.dtd">
<configuration>
	<settings>
    	<setting name="logImpl" value="SLF4J"/>
	</settings>
    <typeAliases>
        <typeAlias type="jp.co.sharedsys.ssframe.model.Function" alias="function"/>
        <typeAlias type="jp.co.sharedsys.ssframe.model.Status" alias="status"/>
        <typeAlias type="jp.co.sharedsys.ssframe.model.SystemMaster" alias="system"/>
        <typeAlias type="jp.co.sharedsys.ssframe.model.User" alias="user"/>
        

        <typeAlias type="jp.co.kintetsuls.service.model.common.ComCreateListDef" alias="createList"/>
        <typeAlias type="jp.co.kintetsuls.service.model.common.ComSearchDef" alias="comSearch"/>                             
        <typeAlias type="jp.co.kintetsuls.service.model.biz_common.Menu" alias="menu"/>
        <typeAlias type="jp.co.kintetsuls.service.model.biz_common.AuthorityComponent" alias="authorityComponent"/>
        <typeAlias type="jp.co.kintetsuls.service.model.biz_common.Calendar" alias="calendar"/>
        <typeAlias type="jp.co.kintetsuls.service.model.biz_common.Office" alias="office"/>
        <typeAlias type="jp.co.kintetsuls.service.model.SampleDef" alias="sample"/> 
        <typeAlias type="jp.co.kintetsuls.service.model.mst.Mst081Def" alias="mst081"/>
        <typeAlias type="jp.co.kintetsuls.service.model.dem.Dem012Def" alias="dem012"/>
        <typeAlias type="jp.co.kintetsuls.service.model.Sample2Def" alias="sample2"/>    
        <typeAlias type="jp.co.kintetsuls.service.model.est.Est031Def" alias="est031"/>

    </typeAliases>
</configuration>
