<?xml version="1.0" encoding="UTF-8"?>
<!--

       Copyright 2009-2012 the original author or authors.

       Licensed under the Apache License, Version 2.0 (the "License");
       you may not use this file except in compliance with the License.
       You may obtain a copy of the License at

          http://www.apache.org/licenses/LICENSE-2.0

       Unless required by applicable law or agreed to in writing, software
       distributed under the License is distributed on an "AS IS" BASIS,
       WITHOUT WARRANTIES OR CONDITIONS OF ANY KIND, either express or implied.
       See the License for the specific language governing permissions and
       limitations under the License.

-->

<!DOCTYPE mapper
    PUBLIC "-//mybatis.org//DTD Mapper 3.0//EN"
    "http://mybatis.org/dtd/mybatis-3-mapper.dtd">

<mapper namespace="Message">

  <resultMap type="jp.co.sdc.entity.MessageEntity" id="MessageResult">
    <id column="ID" jdbcType="INTEGER" property="id"/>
    <result column="COMMAND" jdbcType="VARCHAR" property="command"/>
    <result column="DESCRIPTION" jdbcType="VARCHAR" property="description"/>
    <result column="CONTENT" jdbcType="VARCHAR" property="content"/>
  </resultMap>

  <select id="MessageEntityList" parameterType="jp.co.sdc.entity.MessageEntity" resultMap="MessageResult">
    select ID,COMMAND,DESCRIPTION,CONTENT from MESSAGE
    <where>
    	<if test="command != null and !&quot;&quot;.equals(command.trim())">
	    	and COMMAND=#{command}
	    </if>
	    <if test="description != null and !&quot;&quot;.equals(description.trim())">
	    	and DESCRIPTION like '%' #{description} '%'
	    </if>
    </where>
  </select>
  
  <delete id="deleteOne" parameterType="int">
  	delete from MESSAGE where ID = #{_parameter}
  </delete>
  
  <delete id="deleteBatch" parameterType="java.util.List">
  	delete from MESSAGE where ID in(
  		<foreach collection="list" item="item" separator=",">
  			#{item}
  		</foreach>
  	)
  </delete>
</mapper>