<?xml version="1.0" encoding="UTF-8"?>
<Configuration status="OFF">
    <Properties>
    <!-- 
        <Property name="pattern">[%d{yyyy-MM-dd HH:mm:ss.SSS}] %-5p %-24c{1} %class{36} %L %M- %m%n</Property>
 -->        
        <Property name="pattern">[%d{yyyy-MM-dd HH:mm:ss.SSS}] %-5p %-24c{1} - %m</Property>
        <Property name="logfilepath">./logs</Property>
    </Properties>
    <Appenders>
        <Console name="console" target="SYSTEM_OUT">
            <PatternLayout pattern="${pattern}" />
        </Console>
        <!-- 
        <RollingFile name="localhost" fileName="${logfilepath}localhost.log" filePattern="${logfilepath}localhost_%d{yyyy-MM-dd}.log">
            <PatternLayout pattern="${pattern}" />
            <Policies><TimeBasedTriggeringPolicy /></Policies>
        </RollingFile>
        <RollingFile name="manager" fileName="${logfilepath}manager.log" filePattern="${logfilepath}manager_%d{yyyy-MM-dd}.log">
            <PatternLayout pattern="${pattern}" />
            <Policies><TimeBasedTriggeringPolicy /></Policies>
        </RollingFile>
        <RollingFile name="host-manager" fileName="${logfilepath}	host-manager.log" filePattern="${logfilepath}host-manager_%d{yyyy-MM-dd}.log">
            <PatternLayout pattern="${pattern}" />
            <Policies><TimeBasedTriggeringPolicy /></Policies>
        </RollingFile>
         -->
        <RollingFile name="rolling" fileName="./SSNavi-JSF/logs/AppTrace.log" filePattern="./SSNavi-JSF/logs/backup/AppTrace-%d{yyyy-MM-dd}-%i.zip">
            <PatternLayout pattern="${loglayout}"/>
            <Policies>
                <OnStartupTriggeringPolicy />
                <SizeBasedTriggeringPolicy size="20MB" />
                <TimeBasedTriggeringPolicy />
            </Policies>
            <DefaultRolloverStrategy max="20"/>
        </RollingFile>
    </Appenders>
    <Loggers>
    <!-- 
        <Logger name="org.apache.catalina.core.ContainerBase.[Catalina].[localhost]" level="info">
            <AppenderRef ref="console" />
            <AppenderRef ref="localhost"/>
        </Logger>
        <Logger name="org.apache.catalina.core.ContainerBase.[Catalina].[localhost].[/manager]" level="info" additivity="false">
            <AppenderRef ref="console" />
            <AppenderRef ref="manager"/>
        </Logger>
        <Logger name="org.apache.catalina.core.ContainerBase.[Catalina].[localhost].[/host-manager]" level="info" additivity="false">
            <AppenderRef ref="console" />
            <AppenderRef ref="host-manager"/>
        </Logger>
     -->
        <Logger name="APP" level="debug">
            <AppenderRef ref="rolling"/>
        </Logger>
        <Root level="debug">
            <AppenderRef ref="console"/>
        </Root>
    </Loggers>
</Configuration>