<?xml version="1.0" encoding="UTF-8" ?>
<!DOCTYPE mapper
PUBLIC "-//mybatis.org//DTD Mapper 3.0//EN"
"http://mybatis.org/dtd/mybatis-3-mapper.dtd">
<mapper namespace="jp.co.kintetsuls.service.mapper.est.Est031Mapper">
    <resultMap id="result" type="jp.co.kintetsuls.service.model.est.Est031Def">
        <id column="column1" property="column1" />
        <result column="column2" property="column2" />
        <result column="column3" property="column3" />
        <result column="column4" property="column4" />
        <result column="column5" property="column5" />
        <result column="column6" property="column6" />
<!--        <result column="created_by" property="createdBy" />
        <result column="created_date" property="createdDate" />
        <result column="last_modified_by" property="lastModifiedBy" />
        <result column="last_modified_date" property="lastModifiedDate" />-->
        <result column="searchOption" property="searchOption" />        
    </resultMap>
    
<!-- select -->

    <select id="findAll" resultMap="result">
            select * from sample2
            where active_ind = 1
    </select>
    <select id="findToMap" parameterType="hashmap" resultMap="result">
        select s.column1, s.column2, s.column3, s.column4, s.column5, s.column6
          from sample2 s
         where s.ACTIVE_IND = 1
        <if test="column1 != null and column1 != ''">and s.column1 = #{column1}</if>
        <if test="column2 != null and column2 != ''">and s.column2 = #{column2}</if>
        <if test="column3 != null and column3 != ''">and s.column3 = #{column3}</if>
        <if test="column4 != null and column4 != ''">and s.column4 = #{column4}</if>
        <if test="column5 != null and column5 != ''">and s.column5 = #{column5}</if>
        <if test="column6 != null and column6 != ''">and s.column6 = #{column6}</if>        
        <if test="searchOption != null and searchOption != ''">        
         ORDER BY ${searchOption}
        </if>
    </select>
    <select id="findById" resultType="hashmap" parameterType="map">
        select column1, column2, column3, column4
          from sample2
         where column1 = #{column1}
           and active_ind = 1
    </select>
    <select id="findByIdToModel" parameterType="map" resultMap="result">
        select
        column1, column2, column3, column4
        from sample2
        where
        column1 = #{column1}
        AND active_ind = 1
    </select>    
    <select id="findByColumn" parameterType="sample" resultMap="result">
        select column1, column2, column3, column4
        from sample2
        where
        1=1
        <if test="column1 != null">and column1 = #{column1}</if>
        <if test="column2 != null">and column2 = #{column2}</if>
        <if test="column3 != null">and column3 = #{column3}</if>
        <if test="column4 != null">and column4 = #{column4}</if>
        <if test="column5 != null">and column5 = #{column5}</if>
        AND active_ind = 1
    </select>    

<!-- insert -->

    <insert id="insert" parameterType="map" >
            insert into
            sample2
            (
            column1,
            column2,
            column3,
            column4,
            active_ind
            )values(
            #{column1},
            #{column2},
            #{column3},
            #{column4},
            1
            )
    </insert>
        
<!-- update -->
    <update id="update" parameterType="sample">
        update sample2
        <set>
            column2 = #{column2},                
            column3 = #{column3},
            column4 = #{column4},
            last_modified_by = 'SYSTEM',
            last_modified_date = sysdate
        </set>
        where
        column1 = #{column1}
        AND active_ind = 1
    </update>
    
    <update id="updateByColumn" parameterType="map">
        update sample2
        <set>
<!--            <if test="upd.column1 != null">column1 = #{upd.column1},</if>
            <if test="upd.column2 != null">column2 = #{upd.column2},</if>-->
            <if test="upd.column3 != null">column3 = #{upd.column3},</if>
            <if test="upd.column4 != null">column4 = #{upd.column4}</if>
        </set>
        where
        1=1
        <if test="crt.column1 != null">and column1 = #{crt.column1}</if>
        <if test="crt.column2 != null">and column2 = #{crt.column2}</if>
        <if test="crt.column3 != null">and column3 = #{crt.column3}</if>
        <if test="crt.column4 != null">and column4 = #{crt.column4}</if>
        AND active_ind = 1
    </update>

<!-- delete -->
    <delete id="delete" parameterType="String">
            delete from sample2
            where
            column1 = #{column1}
            AND active_ind = 1
    </delete>

    <update id="softDelete" parameterType="sample">
        update sample2
        <set>
            active_ind = 0
        </set>
        where
        column1 = #{column1}
        AND active_ind = 1
    </update>

    <update id="softDeleteByColumn" parameterType="sample">
        update sample2
        <set>
                active_ind = 0,
                last_modified_by = #{lastModifiedBy},
                last_modified_date = #{lastModifiedDate}
        </set>
            where
            1=1
            <if test="column1 != null">and column1 = #{column1}</if>
            <if test="column2 != null">and column2 = #{column2}</if>
            <if test="column3 != null">and column3 = #{column3}</if>
            <if test="column4 != null">and column4 = #{column4}</if>
            AND active_ind = 1
    </update>

    <select id="searchForList" parameterType="map" resultType="hashmap">
SELECT
 TO_CHAR(COLUMN1) TREEKEY
 ,COLUMN1
 ,COLUMN2
 ,COLUMN3
 ,COLUMN4
 ,COLUMN5
 ,COLUMN6
 ,'TREEKEY' sn_tree_parent_key
 ,'root' sn_tree_parent_id
 ,'' JIS_CODE
FROM
  SAMPLE2 
WHERE
    1=1
    <if test="COLUMN1 != null and COLUMN1 != ''">and COLUMN1 = #{COLUMN1}</if>
    <if test="COLUMN2 != null and COLUMN2 != ''">and COLUMN2 = #{COLUMN2}</if>
    <if test="COLUMN3 != null and COLUMN3 != ''">and COLUMN3 = #{COLUMN3}</if>
    <if test="COLUMN4 != null and COLUMN4 != ''">and COLUMN4 = #{COLUMN4}</if>
    <if test="COLUMN5 != null and COLUMN5 != ''">and COLUMN5 = #{COLUMN5}</if>
    <if test="COLUMN6 != null and COLUMN6 != ''">and COLUMN6 = #{COLUMN6}</if>
union
SELECT
 '' TREEKEY
 ,TD.DETAIL_ID COLUMN1
 ,'' COLUMN2
 ,'' COLUMN3
 ,'' COLUMN4
 ,'' COLUMN5
 ,'' COLUMN6
 ,'TREEKEY' sn_tree_parent_key
 ,TO_CHAR(TD.HEADER_ID) sn_tree_parent_id
 ,TD.JIS_CODE JIS_CODE
FROM SAMPLE2 TH 
INNER JOIN SAMPLE2_DETAIL TD ON TH.COLUMN1 = TD.header_id
WHERE
    1=1
    <if test="COLUMN1 != null and COLUMN1 != ''">and COLUMN1 = #{COLUMN1}</if>
    <if test="COLUMN2 != null and COLUMN2 != ''">and COLUMN2 = #{COLUMN2}</if>
    <if test="COLUMN3 != null and COLUMN3 != ''">and COLUMN3 = #{COLUMN3}</if>
    <if test="COLUMN4 != null and COLUMN4 != ''">and COLUMN4 = #{COLUMN4}</if>
    <if test="COLUMN5 != null and COLUMN5 != ''">and COLUMN5 = #{COLUMN5}</if>
    <if test="COLUMN6 != null and COLUMN6 != ''">and COLUMN6 = #{COLUMN6}</if>
<if test="searchOption != null and searchOption != ''">        
    ORDER BY ${searchOption}
</if>
    </select>
</mapper>
