<?xml version="1.0" encoding="UTF-8"?>
<!DOCTYPE configuration
PUBLIC "-//mybatis.org//DTD Config 3.0//EN"
"http://mybatis.org/dtd/mybatis-3-config.dtd">
<configuration>
	<settings>
    	<setting name="logImpl" value="SLF4J"/>
	</settings>
    <typeAliases>
        <typeAlias type="jp.co.sharedsys.ssframe.model.Function" alias="function"/>
        <typeAlias type="jp.co.sharedsys.ssframe.model.Status" alias="status"/>
        <typeAlias type="jp.co.sharedsys.ssframe.model.SystemMaster" alias="system"/>
        <typeAlias type="jp.co.sharedsys.ssframe.model.User" alias="user"/>
    </typeAliases>
</configuration>