<?xml version="1.0" encoding="UTF-8" ?>
<!DOCTYPE mapper PUBLIC "-//mybatis.org//DTD Mapper 3.0//EN" "http://mybatis.org/dtd/mybatis-3-mapper.dtd">
<mapper namespace="msKbn">   

   <select id="findByColumn" resultType="jp.co.kintetsuls.service.model.MsKbn">
    SELECT
        KBN_GROUP_CD as kbnGroupCd
        ,KBN_GROUP_MEI as kbnGroupMei
        ,KBN_CD as kbnCd
        ,KBN_MEI as kbnMei
        ,KBN_KEY as kbnKey
        ,TOROKU_USER as torokuUser
        ,TOROKU_NICHIJI as torokuNichiji
        ,TOROKU_TAMMATSU as torokuTammatsu
        ,KOSHIN_USER as koshinUser
        ,KOSHIN_TAMMATSU as koshinTammatsu
        ,SAISHU_OPERATION_USER as saishuOperationUser
        ,KOSHIN_NICHIJI as koshinNichiji
        ,SAKUJO_FLG as sakujoFlg
        ,KOSHIN_COUNTER as koshinCounter
        ,SAISHU_OPERATION_KOSHIN_NICHIJI as saishuOperationKoshinNichiji

    FROM
        MS_KBN
    WHERE 
        1 = 1
        <if test="kbnGroupCd != null">AND KBN_GROUP_CD= #{kbnGroupCd}</if>
        <if test="kbnGroupMei != null">AND KBN_GROUP_MEI = #{kbnGroupMei}</if>
        <if test="kbnCd != null">AND KBN_CD= #{kbnCd}</if>
        <if test="kbnMei != null">AND KBN_MEI = #{kbnMei}</if>
        <if test="kbnKey != null">AND KBN_KEY = #{kbnKey}</if>
        <if test="torokuUser != null">AND TOROKU_USER = #{torokuUser}</if>
        <if test="torokuNichiji != null">AND TOROKU_NICHIJI = #{torokuNichiji}</if>
        <if test="torokuTammatsu != null">AND TOROKU_TAMMATSU = #{torokuTammatsu}</if>
        <if test="koshinUser != null">AND KOSHIN_USER = #{koshinUser}</if>
        <if test="koshinTammatsu != null">AND KOSHIN_TAMMATSU = #{koshinTammatsu}</if>
        <if test="saishuOperationUser != null">AND SAISHU_OPERATION_USER = #{saishuOperationUser}</if>
        <if test="koshinNichiji != null">AND KOSHIN_NICHIJI = #{koshinNichiji}</if>
        <if test="sakujoFlg != null">AND SAKUJO_FLG = #{sakujoFlg}</if>
        <if test="koshinCounter != null">AND KOSHIN_COUNTER = #{koshinCounter}</if>
        <if test="saishuOperationKoshinNichiji != null">AND SAISHU_OPERATION_KOSHIN_NICHIJI = #{saishuOperationKoshinNichiji}</if>

    </select>


    <select id="findAll" resultType="jp.co.kintetsuls.service.model.MsKbn">
    SELECT
        KBN_GROUP_CD as kbnGroupCd
        ,KBN_GROUP_MEI as kbnGroupMei
        ,KBN_CD as kbnCd
        ,KBN_MEI as kbnMei
        ,KBN_KEY as kbnKey
        ,TOROKU_USER as torokuUser
        ,TOROKU_NICHIJI as torokuNichiji
        ,TOROKU_TAMMATSU as torokuTammatsu
        ,KOSHIN_USER as koshinUser
        ,KOSHIN_TAMMATSU as koshinTammatsu
        ,SAISHU_OPERATION_USER as saishuOperationUser
        ,KOSHIN_NICHIJI as koshinNichiji
        ,SAKUJO_FLG as sakujoFlg
        ,KOSHIN_COUNTER as koshinCounter
        ,SAISHU_OPERATION_KOSHIN_NICHIJI as saishuOperationKoshinNichiji

    FROM
        MS_KBN
    </select>


</mapper>
