<?xml version="1.0" encoding="UTF-8" ?>
<!DOCTYPE mapper PUBLIC "-//mybatis.org//DTD Mapper 3.0//EN" "http://mybatis.org/dtd/mybatis-3-mapper.dtd">
<mapper namespace="msSystemMessage">   

    <insert id="insertEntityList" parameterType="java.util.List">
    INSERT ALL 
        <foreach collection ="list" item="item" >
    INTO MS_SYSTEM_MESSAGE
    (

    ) values (
        #{item.messageId}
        <if test="item.messageShubetsu != null">,#{item.messageShubetsu}</if>
        <if test="item.torokuUser != null">,#{item.torokuUser}</if>
        <if test="item.torokuNichiji != null">,#{item.torokuNichiji}</if>
        <if test="item.torokuTammatsu != null">,#{item.torokuTammatsu}</if>
        <if test="item.koshinUser != null">,#{item.koshinUser}</if>
        <if test="item.koshinTammatsu != null">,#{item.koshinTammatsu}</if>
        <if test="item.saishuOperationUser != null">,#{item.saishuOperationUser}</if>
        <if test="item.koshinNichiji != null">,#{item.koshinNichiji}</if>
        <if test="item.messageBun != null">,#{item.messageBun}</if>
        <if test="item.sakujoFlg != null">,#{item.sakujoFlg}</if>
        <if test="item.koshinCounter != null">,#{item.koshinCounter}</if>
        <if test="item.saishuOperationKoshinNichiji != null">,#{item.saishuOperationKoshinNichiji}</if>

    )
        </foreach >
    SELECT * FROM DUAL
    </insert>

    <insert id="insert" parameterType="jp.co.kintetsuls.service.model.MsSystemMessage">
    INSERT INTO MS_SYSTEM_MESSAGE
    (
        MESSAGE_ID
        <if test="messageShubetsu != null">,MESSAGE_SHUBETSU</if>
        <if test="torokuUser != null">,TOROKU_USER</if>
        <if test="torokuNichiji != null">,TOROKU_NICHIJI</if>
        <if test="torokuTammatsu != null">,TOROKU_TAMMATSU</if>
        <if test="koshinUser != null">,KOSHIN_USER</if>
        <if test="koshinTammatsu != null">,KOSHIN_TAMMATSU</if>
        <if test="saishuOperationUser != null">,SAISHU_OPERATION_USER</if>
        <if test="koshinNichiji != null">,KOSHIN_NICHIJI</if>
        <if test="messageBun != null">,MESSAGE_BUN</if>
        <if test="sakujoFlg != null">,SAKUJO_FLG</if>
        <if test="koshinCounter != null">,KOSHIN_COUNTER</if>
        <if test="saishuOperationKoshinNichiji != null">,SAISHU_OPERATION_KOSHIN_NICHIJI</if>

    ) VALUES (
        #{messageId}
        <if test="messageShubetsu != null">,#{messageShubetsu}</if>
        <if test="torokuUser != null">,#{torokuUser}</if>
        <if test="torokuNichiji != null">,#{torokuNichiji}</if>
        <if test="torokuTammatsu != null">,#{torokuTammatsu}</if>
        <if test="koshinUser != null">,#{koshinUser}</if>
        <if test="koshinTammatsu != null">,#{koshinTammatsu}</if>
        <if test="saishuOperationUser != null">,#{saishuOperationUser}</if>
        <if test="koshinNichiji != null">,#{koshinNichiji}</if>
        <if test="messageBun != null">,#{messageBun}</if>
        <if test="sakujoFlg != null">,#{sakujoFlg}</if>
        <if test="koshinCounter != null">,#{koshinCounter}</if>
        <if test="saishuOperationKoshinNichiji != null">,#{saishuOperationKoshinNichiji}</if>

    )
    </insert>
    
    <select id="findById" resultType="jp.co.kintetsuls.service.model.MsSystemMessage">
    SELECT
        MESSAGE_ID as messageId
        ,MESSAGE_SHUBETSU as messageShubetsu
        ,TOROKU_USER as torokuUser
        ,TOROKU_NICHIJI as torokuNichiji
        ,TOROKU_TAMMATSU as torokuTammatsu
        ,KOSHIN_USER as koshinUser
        ,KOSHIN_TAMMATSU as koshinTammatsu
        ,SAISHU_OPERATION_USER as saishuOperationUser
        ,KOSHIN_NICHIJI as koshinNichiji
        ,MESSAGE_BUN as messageBun
        ,SAKUJO_FLG as sakujoFlg
        ,KOSHIN_COUNTER as koshinCounter
        ,SAISHU_OPERATION_KOSHIN_NICHIJI as saishuOperationKoshinNichiji

    FROM
        MS_SYSTEM_MESSAGE
    WHERE 
        1 = 1
        AND MESSAGE_ID = #{messageId}

    </select>

    <select id="findByColumn" resultType="jp.co.kintetsuls.service.model.MsSystemMessage">
    SELECT
        MESSAGE_ID as messageId
        ,MESSAGE_SHUBETSU as messageShubetsu
        ,TOROKU_USER as torokuUser
        ,TOROKU_NICHIJI as torokuNichiji
        ,TOROKU_TAMMATSU as torokuTammatsu
        ,KOSHIN_USER as koshinUser
        ,KOSHIN_TAMMATSU as koshinTammatsu
        ,SAISHU_OPERATION_USER as saishuOperationUser
        ,KOSHIN_NICHIJI as koshinNichiji
        ,MESSAGE_BUN as messageBun
        ,SAKUJO_FLG as sakujoFlg
        ,KOSHIN_COUNTER as koshinCounter
        ,SAISHU_OPERATION_KOSHIN_NICHIJI as saishuOperationKoshinNichiji

    FROM
        MS_SYSTEM_MESSAGE
    WHERE 
        1 = 1
        <if test="messageId != null">AND MESSAGE_ID = #{messageId}</if>
        <if test="messageShubetsu != null">AND MESSAGE_SHUBETSU = #{messageShubetsu}</if>
        <if test="torokuUser != null">AND TOROKU_USER = #{torokuUser}</if>
        <if test="torokuNichiji != null">AND TOROKU_NICHIJI = #{torokuNichiji}</if>
        <if test="torokuTammatsu != null">AND TOROKU_TAMMATSU = #{torokuTammatsu}</if>
        <if test="koshinUser != null">AND KOSHIN_USER = #{koshinUser}</if>
        <if test="koshinTammatsu != null">AND KOSHIN_TAMMATSU = #{koshinTammatsu}</if>
        <if test="saishuOperationUser != null">AND SAISHU_OPERATION_USER = #{saishuOperationUser}</if>
        <if test="koshinNichiji != null">AND KOSHIN_NICHIJI = #{koshinNichiji}</if>
        <if test="messageBun != null">AND MESSAGE_BUN = #{messageBun}</if>
        <if test="sakujoFlg != null">AND SAKUJO_FLG = #{sakujoFlg}</if>
        <if test="koshinCounter != null">AND KOSHIN_COUNTER = #{koshinCounter}</if>
        <if test="saishuOperationKoshinNichiji != null">AND SAISHU_OPERATION_KOSHIN_NICHIJI = #{saishuOperationKoshinNichiji}</if>

    </select>

    <update id="updateByColumn">
    UPDATE MS_SYSTEM_MESSAGE SET
        MESSAGE_ID = #{upd.messageId}
        <if test="upd.messageShubetsu != null">,MESSAGE_SHUBETSU = #{upd.messageShubetsu}</if>
        <if test="upd.torokuUser != null">,TOROKU_USER = #{upd.torokuUser}</if>
        <if test="upd.torokuNichiji != null">,TOROKU_NICHIJI = #{upd.torokuNichiji}</if>
        <if test="upd.torokuTammatsu != null">,TOROKU_TAMMATSU = #{upd.torokuTammatsu}</if>
        <if test="upd.koshinUser != null">,KOSHIN_USER = #{upd.koshinUser}</if>
        <if test="upd.koshinTammatsu != null">,KOSHIN_TAMMATSU = #{upd.koshinTammatsu}</if>
        <if test="upd.saishuOperationUser != null">,SAISHU_OPERATION_USER = #{upd.saishuOperationUser}</if>
        <if test="upd.koshinNichiji != null">,KOSHIN_NICHIJI = #{upd.koshinNichiji}</if>
        <if test="upd.messageBun != null">,MESSAGE_BUN = #{upd.messageBun}</if>
        <if test="upd.sakujoFlg != null">,SAKUJO_FLG = #{upd.sakujoFlg}</if>
        <if test="upd.koshinCounter != null">,KOSHIN_COUNTER = #{upd.koshinCounter}</if>
        <if test="upd.saishuOperationKoshinNichiji != null">,SAISHU_OPERATION_KOSHIN_NICHIJI = #{upd.saishuOperationKoshinNichiji}</if>

    WHERE
        1 = 1
        AND MESSAGE_ID = #{crt.messageId}

    </update>

    <update id="updateById">
    UPDATE MS_SYSTEM_MESSAGE SET
        MESSAGE_ID = #{upd.messageId}
        <if test="upd.messageShubetsu != null">,MESSAGE_SHUBETSU = #{upd.messageShubetsu}</if>
        <if test="upd.torokuUser != null">,TOROKU_USER = #{upd.torokuUser}</if>
        <if test="upd.torokuNichiji != null">,TOROKU_NICHIJI = #{upd.torokuNichiji}</if>
        <if test="upd.torokuTammatsu != null">,TOROKU_TAMMATSU = #{upd.torokuTammatsu}</if>
        <if test="upd.koshinUser != null">,KOSHIN_USER = #{upd.koshinUser}</if>
        <if test="upd.koshinTammatsu != null">,KOSHIN_TAMMATSU = #{upd.koshinTammatsu}</if>
        <if test="upd.saishuOperationUser != null">,SAISHU_OPERATION_USER = #{upd.saishuOperationUser}</if>
        <if test="upd.koshinNichiji != null">,KOSHIN_NICHIJI = #{upd.koshinNichiji}</if>
        <if test="upd.messageBun != null">,MESSAGE_BUN = #{upd.messageBun}</if>
        <if test="upd.sakujoFlg != null">,SAKUJO_FLG = #{upd.sakujoFlg}</if>
        <if test="upd.koshinCounter != null">,KOSHIN_COUNTER = #{upd.koshinCounter}</if>
        <if test="upd.saishuOperationKoshinNichiji != null">,SAISHU_OPERATION_KOSHIN_NICHIJI = #{upd.saishuOperationKoshinNichiji}</if>

    WHERE
        1 = 1
        <if test="crt.messageId != null">AND MESSAGE_ID = #{crt.messageId}</if>
        <if test="crt.messageShubetsu != null">AND MESSAGE_SHUBETSU = #{crt.messageShubetsu}</if>
        <if test="crt.torokuUser != null">AND TOROKU_USER = #{crt.torokuUser}</if>
        <if test="crt.torokuNichiji != null">AND TOROKU_NICHIJI = #{crt.torokuNichiji}</if>
        <if test="crt.torokuTammatsu != null">AND TOROKU_TAMMATSU = #{crt.torokuTammatsu}</if>
        <if test="crt.koshinUser != null">AND KOSHIN_USER = #{crt.koshinUser}</if>
        <if test="crt.koshinTammatsu != null">AND KOSHIN_TAMMATSU = #{crt.koshinTammatsu}</if>
        <if test="crt.saishuOperationUser != null">AND SAISHU_OPERATION_USER = #{crt.saishuOperationUser}</if>
        <if test="crt.koshinNichiji != null">AND KOSHIN_NICHIJI = #{crt.koshinNichiji}</if>
        <if test="crt.messageBun != null">AND MESSAGE_BUN = #{crt.messageBun}</if>
        <if test="crt.sakujoFlg != null">AND SAKUJO_FLG = #{crt.sakujoFlg}</if>
        <if test="crt.koshinCounter != null">AND KOSHIN_COUNTER = #{crt.koshinCounter}</if>
        <if test="crt.saishuOperationKoshinNichiji != null">AND SAISHU_OPERATION_KOSHIN_NICHIJI = #{crt.saishuOperationKoshinNichiji}</if>

    </update>
            
    <delete id="deleteByColumn" parameterType="jp.co.kintetsuls.service.model.MsSystemMessage">
    DELETE FROM MS_SYSTEM_MESSAGE
    WHERE
        1 = 1
        AND MESSAGE_ID = #{messageId}

    </delete>

    <update id="softDeleteByColumn" parameterType="jp.co.kintetsuls.service.model.MsSystemMessage">
    UPDATE MS_SYSTEM_MESSAGE SET
        SAKUJO_FLG = 1
    WHERE
        1 = 1
        AND MESSAGE_ID = #{messageId}

    </update>

    <select id="findAll" resultType="jp.co.kintetsuls.service.model.MsSystemMessage">
    SELECT
        MESSAGE_ID as messageId
        ,MESSAGE_SHUBETSU as messageShubetsu
        ,TOROKU_USER as torokuUser
        ,TOROKU_NICHIJI as torokuNichiji
        ,TOROKU_TAMMATSU as torokuTammatsu
        ,KOSHIN_USER as koshinUser
        ,KOSHIN_TAMMATSU as koshinTammatsu
        ,SAISHU_OPERATION_USER as saishuOperationUser
        ,KOSHIN_NICHIJI as koshinNichiji
        ,MESSAGE_BUN as messageBun
        ,SAKUJO_FLG as sakujoFlg
        ,KOSHIN_COUNTER as koshinCounter
        ,SAISHU_OPERATION_KOSHIN_NICHIJI as saishuOperationKoshinNichiji

    FROM
        MS_SYSTEM_MESSAGE
    </select>


</mapper>
