<?xml version="1.0" encoding="UTF-8"?>
<faces-config version="2.2" xmlns="http://xmlns.jcp.org/xml/ns/javaee"
	xmlns:xsi="http://www.w3.org/2001/XMLSchema-instance"
	xsi:schemaLocation="http://xmlns.jcp.org/xml/ns/javaee http://xmlns.jcp.org/xml/ns/javaee/web-facesconfig_2_2.xsd">
    <!-- エラーハンドラ -->
    <factory>
        <exception-handler-factory>jp.co.kintetsuls.exception.handler.ViewExpiredExceptionHandlerFactory</exception-handler-factory>
    </factory>
    
<!--    <render-kit>
       <renderer>
           <component-family>org.primefaces.component</component-family>
           <renderer-type>org.primefaces.component.DataTableRenderer</renderer-type>
           <renderer-class>jp.co.sharedsys.wbb.jsf.component.LazyDataTableRenderer</renderer-class>
       </renderer>
    </render-kit>-->

    <lifecycle>
        <phase-listener>jp.co.kintetsuls.listener.SessionCheckPhaseListener</phase-listener>
    </lifecycle>
    
    <!-- for Dialog Framework -->
<!--    <application>
        <action-listener>org.primefaces.application.DialogActionListener</action-listener>
        <navigation-handler>org.primefaces.application.DialogNavigationHandler</navigation-handler>
        <view-handler>org.primefaces.application.DialogViewHandler</view-handler>
    </application>-->
    
</faces-config>