<?xml version="1.0" encoding="UTF-8"?>
<!-- 現状LogLevelは規定していない [info][warn][error][debug]-->
<Configuration status="off">
    
    <!-- AppenterやLoggerで使用するプロパティを定義する -->
    <Properties>
        <Property name="pattern2">[%d{yyyy-MM-dd HH:mm:ss.SSS}] %-5p %-24c{1} - %m</Property>
        <Property name="pattern">%d{yyyy-MM-dd HH:mm:ss.SSS},%p,%c,%m%n</Property>
        <Property name="logfilepath">C:\SSNavi-KLS\JSF-KLS\logs</Property>
    </Properties>
    
    <!-- ログの出力先と出力フォーマットを設定する -->
    <Appenders>
        <Console name="Console" target="SYSTEM_OUT">
            <PatternLayout pattern="${pattern}"/>
        </Console>
        
        <RollingFile name="Rolling" fileName="${logfilepath}\AppTrace.log" filePattern="${logfilepath}\backup\AppTrace-%d{yyyy-MM-dd}-%i.zip">
            <PatternLayout pattern="${pattern}"/>
            <Policies>
                <OnStartupTriggeringPolicy />
                <SizeBasedTriggeringPolicy size="20MB" />
                <TimeBasedTriggeringPolicy />
            </Policies>
            <DefaultRolloverStrategy max="20"/>
        </RollingFile>
    </Appenders>
    
    <!-- パッケージごとにAppenderとログレベルを組み合わせる -->
    <Loggers>
        <Root level="error">
            <AppenderRef ref="Console"/>
            <AppenderRef ref="Rolling"/>
        </Root>
    </Loggers>
</Configuration>