<?xml version="1.0" encoding="UTF-8" ?>
<!DOCTYPE mapper
PUBLIC "-//mybatis.org//DTD Mapper 3.0//EN"
"http://mybatis.org/dtd/mybatis-3-mapper.dtd">
<mapper namespace="createList">
    <resultMap id="result" type="createList">
        <id column="value" property="value" />
        <result column="label" property="label" />
    </resultMap>
    
<!-- SELECT -->
    <select id="LIST_SAMPLE_CODE" resultType="hashmap" parameterType="map" >
        select code as VALUE, code||':'||val as LABEL
        from sample_codeM
        where active_ind=1              
    </select>

    <select id="LIST_SAMPLE_CHILD" resultType="hashmap" parameterType="map" >
        select code as VALUE, code||':'||val as LABEL
        from sample_codeM_child
        where active_ind=1
    </select>
    
    <select id="PREF_LIST" resultType="hashmap" parameterType="map" >        
        select distinct pcode as VALUE, pcode||':'||pval as LABEL
          from m_jis
        where 1=1
        order by pcode
    </select>      
    
    <select id="CITY_LIST" resultType="hashmap" parameterType="map" >        
        select ccode as VALUE, ccode||':'||cval as LABEL
          from m_jis
        where 1=1
    </select>
    
    <select id="CODE_SEARCH_KLS" resultType="hashmap" parameterType="map" >        
        select ccode as VALUE, ccode||':'||cval as LABEL
          from m_jis
        where 1=1
    </select>        
 
    <!-- 申請ステータス -->
     <select id="SHINSEI_STATUS_SEARCH" resultType="hashmap" parameterType="map" >        
        select KBN_CD as VALUE, KBN_MEI as LABEL
          from MS_KBN
        where KBN_GROUP_CD = 'SHINSEI_STATUS'
    </select> 

<!-- 共通アップロード画面 -->
    <!-- アップロード定義 -->
    <select id="SS_COM_UPLOAD_SEARCH" resultType="hashmap" parameterType="map">
        select
          UK.UPLOAD_KINO_CD as VALUE
         ,UK.UPLOAD_KINO_MEISHO as LABEL 
        from MS_USER MU
            inner join MS_USER_ROLE UR
                on MU.USER_CD = UR.USER_CD
               and UR.SAKUJO_FLG = '0'
            inner join MS_ROLE_KINO_GROUP RKG
                on UR.ROLE_CD = RKG.ROLE_CD
			inner join MS_KINO_GROUP_RIYO_KANO_KINO KGRKK
                on RKG.KINO_GROUP_CD = KGRKK.KINO_GROUP_CD
                and KGRKK.RIYO_SETTEI = '2'
            inner join MS_UPLOAD_FILE_TEIGI UFT
                on KGRKK.KINO_CD = UFT.UPLOAD_CD
            inner join MS_UPLOAD_KINO UK
                on  UFT.UPLOAD_KINO_CD = UK.UPLOAD_KINO_CD
       where 
        (((MU.TEKIYO_KAISHIBI <![CDATA[ <= ]]> Trunc(SYSDATE))						
                    and (MU.TEKIYO_SHURYOBI IS NULL						
                    and Trunc(SYSDATE) <![CDATA[ < ]]> MU.TEKIYO_SHURYOBI))						
                 or ((Trunc(SYSDATE) <![CDATA[ < ]]> MU.TEKIYO_KAISHIBI)						
                     and (MU.TEKIYO_SHURYOBI IS NULL))						
                 or (MU.TEKIYO_SHURYOBI IS NOT NULL)							
        )	
         and MU.USER_CD = #{1}
         and MU.SAKUJO_FLG = '0'
       union 
        select
          UK.UPLOAD_KINO_CD as VALUE
         ,UK.UPLOAD_KINO_MEISHO as LABEL  
        from MS_USER MU
        	inner join MS_USER_KINO_GROUP UKG
                on MU.USER_CD = UKG.USER_CD
			inner join MS_KINO_GROUP_RIYO_KANO_KINO KGRKK
                on UKG.KINO_GROUP_CD = KGRKK.KINO_GROUP_CD
                and KGRKK.RIYO_SETTEI = '2'
            inner join MS_UPLOAD_FILE_TEIGI UFT
                on KGRKK.KINO_CD = UFT.UPLOAD_CD
            inner join MS_UPLOAD_KINO UK
                on  UFT.UPLOAD_KINO_CD = UK.UPLOAD_KINO_CD
       where 
        (((MU.TEKIYO_KAISHIBI <![CDATA[ <= ]]> Trunc(SYSDATE))						
                    and (MU.TEKIYO_SHURYOBI IS NULL						
                    and Trunc(SYSDATE) <![CDATA[ < ]]> MU.TEKIYO_SHURYOBI))						
                 or ((Trunc(SYSDATE) <![CDATA[ < ]]> MU.TEKIYO_KAISHIBI)						
                     and (MU.TEKIYO_SHURYOBI IS NULL))						
                 or (MU.TEKIYO_SHURYOBI IS NOT NULL)							
        )	
         and MU.USER_CD = #{1}
         and MU.SAKUJO_FLG = '0'
         order by VALUE
    </select>
            
<!-- AUTOCOMPLETE -->          
<!-- 営業所オートコンプリート -->
    <select id="EIGYOSHO_SEARCH" resultType="hashmap" parameterType="map">
        select 
            ME.EIGYOSHO_CD || ':'  || ME.EIGYOSHO_MEI as LABEL,
            ME.EIGYOSHO_CD as VALUE,
            ME.EIGYOSHO_MEI as LABEL_VALUE
        from 
            MS_EIGYOSHO ME
        where 
            ME.SAKUJO_FLG = '0'
    </select>
    
<!-- 顧客オートコンプリート -->
    <select id="KOKYAKU_SEARCH" resultType="hashmap" parameterType="map">
        select 
            MK.KOKYAKU_CD || ':'  || MK.KOKYAKU_MEI as LABEL,
            MK.KOKYAKU_CD as VALUE,
            MK.KOKYAKU_MEI as LABEL_VALUE
        from 
            MS_KOKYAKU MK
        where 
            MK.SAKUJO_FLG = '0'
        <!-- if test="MK.TANTO_EIGYOSHO_CD != null and MK.TANTO_EIGYOSHO_CD != ''">and MK.TANTO_EIGYOSHO_CD = #{eigyosho_cd}</if -->
    </select>

<!-- ユーザオートコンプリート -->
    <select id="USER_SEARCH" resultType="hashmap" parameterType="map">
        select 
            MU.USER_CD || ':'  || MU.USER_MEI as LABEL,
            MU.USER_CD as VALUE,
            MU.USER_MEI as LABEL_VALUE
        from 
            MS_USER MU
        where 
            MU.SAKUJO_FLG = '0'
        <!-- if test="MK.TANTO_EIGYOSHO_CD != null and MK.TANTO_EIGYOSHO_CD != ''">and MK.TANTO_EIGYOSHO_CD = #{eigyosho_cd}</if -->
    </select>
            
<!-- 集約コードオートコンプリート 0:営業所用 1:本部用 2:その他用 3:企業集約コード -->
    <select id="SHUYAKU_CD_SEARCH" resultType="hashmap" parameterType="map">
        select 
            MSC.SHUYAKU_CD || ':'  || MSC.SHUYAKU_CD_MEISHO as LABEL,
            MSC.SHUYAKU_CD as VALUE,
            MSC.SHUYAKU_CD_MEISHO as LABEL_VALUE
        from 
            MS_SHUYAKU_CD MSC
        where
             MSC.SAKUJO_FLG = '0'
        and  MSC.SHIYO_KBN = #{0}
    </select>

<!-- 法人グループオートコンプリート -->
    <select id="HOUJIN_GROUP_SEARCH" resultType="hashmap" parameterType="map">
        select 
            MHG.HOJIN_GROUP_CD || ':'  ||MHG.HOJIN_GROUP_MEISHO as LABEL,
            MHG.HOJIN_GROUP_CD as VALUE,
            MHG.HOJIN_GROUP_MEISHO as LABEL_VALUE
        from 
            MS_HOJIN_GROUP MHG
        where 
            MHG.SAKUJO_FLG = '0'
    </select>

<!-- 法人番号オートコンプリート -->
    <select id="HOUJIN_BANGO_SEARCH" resultType="hashmap" parameterType="map">
        select 
            MHB.HOJIN_BANGO || ':'  || MHB.SHOGO_MATAHA_MEISHO as LABEL,
            MHB.HOJIN_BANGO as VALUE,
            MHB.SHOGO_MATAHA_MEISHO as LABEL_VALUE
        from 
            MS_HOJIN_BANGO MHB
        where 
            MHB.SAKUJO_FLG = '0'
    </select>
                                    
<!-- 顧客集約設定 -->
    <select id="TANTO_EIGYOSHO" resultType="hashmap" parameterType="map">
        select 
            KO.TANTO_EIGYOSHO_CD as LABEL,
            KO.TANTO_EIGYOSHO_CD as VALUE,
            EI.EIGYOSHO_MEI as TANTO_EIGYOSHO_MEI
        from 
            MS_KOKYAKU KO
        inner join    
            MS_EIGYOSHO ME on KO.TANTO_EIGYOSHO_CD = EI.EIGYOSHO_CD
        where 
            KO.TANTO_EIGYOSHO_CD is not null
    </select>

    <select id="TANTOSHA" resultType="hashmap" parameterType="map">
        select 
            TOSHA_TANTOSHA_CD as LABEL,
            TOSHA_TANTOSHA_CD as VALUE
        from 
            MS_KOKYAKU
        where
            TOSHA_TANTOSHA_CD is not null
    </select>                        
                    
    <select id="SEIKYUSAKI_CD" resultType="hashmap" parameterType="map">
       select 
            SEIKYUSAKI_CD as LABEL,
            SEIKYUSAKI_CD as VALUE
        from 
            MS_KOKYAKU
        where
            SEIKYUSAKI_CD is not null
    </select>    

    <select id="KEIYAKUSAKI_CD" resultType="hashmap" parameterType="map">
        select 
            KEIYAKUSAKI_CD as LABEL,
            KEIYAKUSAKI_CD as VALUE
        from 
            MS_KOKYAKU
        where
            KEIYAKUSAKI_CD is not null
    </select>
    
    <select id="HOJIN_GROUP" resultType="hashmap" parameterType="map">
        select 
            HOJIN_GROUP_CD as LABEL,
            HOJIN_GROUP_CD as VALUE
        from 
            MS_KOKYAKU
        where
            HOJIN_GROUP_CD is not null
    </select>
    
    <select id="HOJIN_BANGO" resultType="hashmap" parameterType="map">
        select 
            HOJIN_BANGO as LABEL,
            HOJIN_BANGO as VALUE
        from 
            MS_KOKYAKU
        where
            HOJIN_BANGO is not null
    </select>
    <!--
    <select id="SHUYAKU_CD" resultType="hashmap" parameterType="map">
        select 
            KSS.SHUYAKU_CD as LABEL,
            KSS.SHUYAKU_CD as VALUE,
            MAX(SC.SHUYAKU_CD_MEISHO) as SHUYAKU_MEISHO
        from 
            MS_KOKYAKU_SHUYAKU_SETTEI KSS
        inner join
            MS_SHUYAKU_CD SC on KSS.SHUYAKU_CD = SC.SHUYAKU_CD
        where
            KSS.SHUYAKU_CD is not null
        group by 
            KSS.SHUYAKU_CD
        order by 
            KSS.SHUYAKU_CD
            
    </select>
    -->                                                                                            
</mapper>
