<?xml version="1.0" encoding="UTF-8" ?>
<!DOCTYPE mapper
PUBLIC "-//mybatis.org//DTD Mapper 3.0//EN"
"http://mybatis.org/dtd/mybatis-3-mapper.dtd">
<mapper namespace="jp.co.kintetsuls.service.mapper.common.JisMapper">
    <resultMap id="result" type="jp.co.kintetsuls.service.model.common.JisDef">
        <id column="ccode" property="ccode" />
        <result column="pval" property="pval" />
        <result column="pcode" property="pcode" />
        <result column="cval" property="cval" />
        <result column="searchOption" property="searchOption" />        
    </resultMap>
    
<!-- select -->
    <select id="findToMap" parameterType="hashmap" resultMap="result">
        select 
          pcode,
          pval,
          ccode,
          cval
          from M_JIS
         where active_ind = 1
        <if test="pcode != null and pcode != ''">and pcode = #{pcode}</if>
        <if test="pval != null and pval != ''">and pval = #{pval}</if>
        <if test="ccode != null and ccode != ''">and ccode = #{ccode}</if>
        <if test="cval != null and cval != ''">and cval = #{cval}</if>
        <if test="searchOption != null and searchOption != ''">        
         ORDER BY ${searchOption}
        </if>
    </select>
    <select id="findById" resultType="hashmap" parameterType="map">
        select pcode, pval, ccode, cval
          from m_jis
         where ccode = #{ccode}
           and active_ind = 1
    </select>    
<!-- insert -->

    <insert id="insert" parameterType="hashmap" >
            insert into
            m_jis
            (
            pcode,
            pval,
            ccode,
            cval,
            active_ind
            )values(
            #{pcode},
            #{pval},
            #{ccode},
            #{cval},
            1
            )
    </insert>
        
<!-- update -->
    <update id="update" parameterType="hashmap">
        update m_jis
        <set>
            pcode = #{pcode},                
            pval = #{pval},
            cval = #{cval}
        </set>
        where
        ccode = #{ccode}
        and active_ind = '1'
    </update>
    
<!-- delete -->
    <update id="softDelete" parameterType="hashmap">
        update m_jis
        <set>
            active_ind = '0'
        </set>
        where
        ccode = #{ccode}
        AND active_ind = '1'
    </update>
</mapper>
