<?xml version="1.0" encoding="UTF-8" ?>
<!DOCTYPE mapper
PUBLIC "-//mybatis.org//DTD Mapper 3.0//EN"
"http://mybatis.org/dtd/mybatis-3-mapper.dtd">
<mapper namespace="jp.co.kintetsuls.service.mapper.SearchSavedMapper">
    <resultMap id="result" type="jp.co.kintetsuls.service.model.common.SearchSaved">
        <id column="EIGYOSYO_CODE" property="eigyosyoCode" />
        <result column="USER_ID" property="UserCd" />
        <result column="FUNCTION_ID" property="functionId" />
        <result column="SEARCH_NAME" property="searchName" />
        <result column="SEARCH_TYPE" property="searchType" />
        <result column="FILTER_TYPE" property="filterType" />
        <result column="SORT_TYPE" property="sortType" />                
        <result column="CREATED_BY" property="createdBy" />
        <result column="CREATED_DATE" property="createdDate" />
        <result column="LAST_MODIFIED_BY" property="lastModifiedBy" />
        <result column="LAST_MODIFIED_DATE" property="lastModifiedDate" />
    </resultMap>
    
<!-- select -->

    <select id="findAll" resultMap="result">
            select * from search_table_master
            where active_ind = 1
    </select>
    <select id="findToMap" parameterType="String" resultMap="result">
        select * 
          from search_table_master
         where ACTIVE_IND = 1
        <if test="eigyosyoCode != null and eigyosyoCode != ''">and eigyosyoCode = #{eigyosyoCode}</if>
        <if test="UserCd != null and UserCd != ''">and UserCd = #{UserCd}</if>
        <if test="functionId != null and functionId != ''">and functionId = #{functionId}</if>
        <if test="searchName != null and searchName != ''">and searchName = #{searchName}</if>
        <if test="searchType != null and searchType != ''">and searchType = #{searchType}</if>
        <if test="orderBy != null and orderBy != ''">        
         ORDER BY ${orderBy}
        </if>
    </select>
    <select id="findById" resultType="hashmap" parameterType="map">
        select * 
          from search_table_master
         where eigyosyoCode = #{eigyosyoCode}
           and active_ind = 1
    </select>
    <select id="findByIdToModel" parameterType="map" resultMap="result">
        select
        *
        from search_table_master
        where
        eigyosyoCode = #{eigyosyoCode}
        AND active_ind = 1
    </select>    
    <select id="findByColumn" parameterType="sample" resultMap="result">
        select *
        from search_table_master
        where
        1=1
        <if test="eigyosyoCode != null">and eigyosyoCode = #{eigyosyoCode}</if>
        <if test="UserCd != null">and UserCd = #{UserCd}</if>
        <if test="functionId != null">and functionId = #{functionId}</if>
        <if test="searchName != null">and searchName = #{searchName}</if>
        <if test="searchType != null">and searchType = #{searchType}</if>
        AND active_ind = 1
    </select>    

<!-- insert -->

    <insert id="insert" parameterType="map" >
            insert into
            search_table_master
            (
            eigyosyoCode,
            UserCd,
            functionId,
            searchName,
            searchType,
            active_ind
            )values(
            #{eigyosyoCode},
            #{UserCd},
            #{functionId},
            #{searchName},
            #{searchType},
            1
            )
    </insert>
        
<!-- update -->
    <update id="update" parameterType="sample">
        update search_table_master
        <set>
            UserCd = #{UserCd},                
            functionId = #{functionId},
            searchName = #{searchName},
            searchType = #{searchType},
            last_modified_by = 'SYSTEM',
            last_modified_date = sysdate
        </set>
        where
        eigyosyoCode = #{eigyosyoCode}
        AND active_ind = 1
    </update>
    
    <update id="updateByColumn" parameterType="map">
        update search_table_master
        <set>
            <if test="upd.eigyosyoCode != null">eigyosyoCode = #{upd.eigyosyoCode},</if>
            <if test="upd.UserCd != null">UserCd = #{upd.UserCd},</if>
            <if test="upd.functionId != null">functionId = #{upd.functionId},</if>
            <if test="upd.searchName != null">searchName = #{upd.searchName},</if>
            <if test="upd.searchType != null">searchType = #{upd.searchType},</if>
        </set>
        where
        1=1
        <if test="crt.eigyosyoCode != null">and eigyosyoCode = #{crt.eigyosyoCode}</if>
        <if test="crt.UserCd != null">and UserCd = #{crt.UserCd}</if>
        <if test="crt.functionId != null">and functionId = #{crt.functionId}</if>
        <if test="crt.searchName != null">and searchName = #{crt.searchName}</if>
        <if test="crt.searchType != null">and searchType = #{crt.searchType}</if>
        AND active_ind = 1
    </update>

<!-- delete -->
    <delete id="delete" parameterType="String">
            delete from search_table_master
            where
            eigyosyoCode = #{eigyosyoCode}
            AND active_ind = 1
    </delete>

    <update id="softDelete" parameterType="sample">
        update search_table_master
        <set>
            active_ind = 0
        </set>
        where
        eigyosyoCode = #{eigyosyoCode}
        AND active_ind = 1
    </update>

    <update id="softDeleteByColumn" parameterType="sample">
        update search_table_master
        <set>
                active_ind = 0,
                last_modified_by = #{lastModifiedBy},
                last_modified_date = #{lastModifiedDate}
        </set>
            where
            1=1
            <if test="eigyosyoCode != null">and eigyosyoCode = #{eigyosyoCode}</if>
            <if test="UserCd != null">and UserCd = #{UserCd}</if>
            <if test="functionId != null">and functionId = #{functionId}</if>
            <if test="searchName != null">and searchName = #{searchName}</if>
            <if test="searchType != null">and searchType = #{searchType}</if>
            AND active_ind = 1
    </update>

</mapper>
