<?xml version="1.0" encoding="UTF-8"?>
<!DOCTYPE generatorConfiguration 
  PUBLIC "-//mybatis.org//DTD MyBatis Generator Configuration 1.0//EN" 
  "http://mybatis.org/dtd/mybatis-generator-config_1_0.dtd" >
<generatorConfiguration>
  <classPathEntry location="C:/SSNavi-KLS/SSNavi-Service/src/main/webapp/WEB-INF/lib/ojdbc8.jar"/>
  <context id="context1">
    <commentGenerator>
      <property name="suppressDate" value="true" />
    </commentGenerator>
    <jdbcConnection driverClass="oracle.jdbc.driver.OracleDriver"
      connectionURL="jdbc:oracle:thin:@(DESCRIPTION=(ADDRESS=(PROTOCOL=TCP)(HOST=192.168.63.89)(PORT=1521))(CONNECT_DATA=(SERVER=DEDICATED)(SERVICE_NAME = orclpdb)))" 
                    userId="axis_dev" password="axis00" />
    <javaModelGenerator targetPackage="jp.co.kintetsuls.service.model"
      targetProject="C:/SSNavi-KLS/SSNavi-Service/src/main/java" />
    <sqlMapGenerator targetPackage="jp.co.kintetsuls.service.mapper"
      targetProject="C:/SSNavi-KLS/SSNavi-Service/src/main/java" />
    <javaClientGenerator targetPackage="jp.co.kintetsuls.service.mapper"
      targetProject="C:/SSNavi-KLS/SSNavi-Service/src/main/java" type="XMLMAPPER" />
    <table schema="axis_dev" tableName="MS_USER" >
    </table>
  </context>
</generatorConfiguration>
