<?xml version="1.0" encoding="UTF-8" ?>
<!DOCTYPE mapper
PUBLIC "-//mybatis.org//DTD Mapper 3.0//EN"
"http://mybatis.org/dtd/mybatis-3-mapper.dtd">
<mapper namespace="function">
	<resultMap type="function" id="result">
		<id column="function_code" property="functionCode" />
		<result column="function_name" property="functionName" />
		<result column="function_level" property="functionLevel" />
		<result column="parent_function_code" property="parentFunctionCode" />
		<result column="function_type" property="functionType" />
		<result column="screen_code" property="screenCode" />
		<result column="sort_priority" property="sortPriority" />
		<result column="title" property="title" />
		<result column="description" property="description" />
		<result column="rpt_directory" property="rptDirectory" />
		<result column="rpt_file_name" property="rptFileName" />
		<result column="permission" property="permission" />
		<result column="remarks" property="remarks" />
	</resultMap>

	<insert id="create" parameterType="function"
		useGeneratedKeys="true" keyProperty="functionCode">
		insert into function_master(
			function_code,
			function_name,
			function_level,
			parent_function_code,
			function_type,
			screen_code,
			sort_priority,
			title,
			description,
			rpt_directory,
			rpt_file_name,
			remarks
		) values (
			#{functionCode},
			#{functionName},
			#{functionLevel},
			#{parentFunctionCode},
			#{functionType},
			#{screenCode},
			#{sortPriority},
			#{title},
			#{description},
			#{rptDirectory},
			#{rptFileName},
			#{remarks}
		)
	</insert>

	<select id="findById" parameterType="String" resultMap="result">
		select * from function_master where function_code = #{functionCode}
	</select>

	<select id="findByColumn" parameterType="function" resultMap="result">
		select * from function_master
		where
		1=1
		<if test="functionCode != null">and function_code = #{functionCode}</if>
		<if test="parentFunctionCode != null">and parent_function_code = #{parentFunctionCode}</if>
		<if test="functionType != null">and function_type = #{functionType}</if>
		<if test="screenCode != null">and screen_code = #{screenCode}</if>
	</select>

	<update id="update" parameterType="function">
		update function_master
			<if test="functionName != null">function_name = #{functionName},</if>
			<if test="functionLevel != null">function_level = #{functionLevel},</if>
			<if test="parentFunctionCode != null">parent_function_code = #{parentFunctionCode},</if>
			<if test="functionType != null">function_type = #{functionType},</if>
			<if test="screenCode != null">screen_code = #{screenCode},</if>
			<if test="remarks != null">remarks = #{remarks},</if>
		where function_code = #{functionCode}
	</update>

	<delete id="delete" parameterType="String">
		delete from function_master where function_code = #{functionCode}
	</delete>

	<select id="findAll" resultMap="result">
		select * from function_master order by sort_priority
	</select>

	<select id="findByUserGroup" parameterType="String" resultMap="result">
		select
			   fm.function_code
			  ,fm.function_name
			  ,fm.function_level
			  ,fm.parent_function_code
			  ,fm.function_type
			  ,fm.screen_code
			  ,fm.sort_priority
			  ,fm.title
			  ,fm.description
			  ,fm.rpt_directory
			  ,fm.rpt_file_name
			  ,fm.remarks
		      ,ugf.permission permission
		  from function_master fm
		 inner join user_group_x_function ugf on
		       fm.function_code = ugf.function_code
		where
		1=1
		<if test="list != null">
		and ugf.user_group_code in
		<foreach item="userGroupCode" index="index" collection="list" open="(" separator="," close=")">
		#{userGroupCode}
		</foreach>
		</if>
		order by fm.sort_priority
	</select>
	
	<select id="getAvailableFunctions" parameterType="List" resultMap="result">
		select fm.FUNCTION_CODE
				, fm.FUNCTION_NAME
				, fm.FUNCTION_LEVEL
				, kino.OYA_KINO_CD as PARENT_FUNCTION_CODE
				, fm.FUNCTION_TYPE
				, fm.SCREEN_CODE 
                , fm.SORT_PRIORITY
				, fm.TITLE
				, fm.DESCRIPTION
				, fm.RPT_DIRECTORY
				, fm.RPT_FILE_NAME
				, fm.REMARKS
				, fm.KINO_CD
				, kino.RIYO_SETTEI
        from FUNCTION_MASTER fm
			inner join 
			(
				select
					MS_KINO_GROUP_RIYO_KANO_KINO.KINO_CD
					, MS_KINO.KINO_SHUBETSU
					, MS_KINO.KINO_MEI
					, MS_KINO.JIKKO_SHORI_MEI
					, MS_KINO_GROUP_RIYO_KANO_KINO.RIYO_SETTEI
					, pfm.KINO_CD as OYA_KINO_CD
				from
					MS_USER_ROLE 
					inner join MS_ROLE_KINO_GROUP 
						on MS_USER_ROLE.ROLE_CD = MS_ROLE_KINO_GROUP.ROLE_CD 
					inner join MS_KINO_GROUP_RIYO_KANO_KINO 
						on MS_ROLE_KINO_GROUP.KINO_GROUP_CD = MS_KINO_GROUP_RIYO_KANO_KINO.KINO_GROUP_CD 
					inner join MS_KINO 
						on MS_KINO_GROUP_RIYO_KANO_KINO.KINO_CD = MS_KINO.KINO_CD
					left join FUNCTION_MASTER pfm
						on MS_KINO.OYA_KINO_CD = pfm.KINO_CD
				where
					MS_KINO_GROUP_RIYO_KANO_KINO.RIYO_SETTEI <![CDATA[ <> ]]> '0' 
					and MS_USER_ROLE.USER_CD = #{userCd}
					and MS_USER_ROLE.TEKIYO_KAISHIBI <![CDATA[ <= ]]> Trunc(SYSDATE) 
					and MS_USER_ROLE.SHURYO_FLG = '0' 
					and MS_USER_ROLE.SAKUJO_FLG = '0' 
<!--				union
				select
					MS_USER_KINO_GROUP.KINO_CD
					, MS_KINO.KINO_SHUBETSU
					, MS_KINO.KINO_MEI
					, MS_KINO.JIKKO_SHORI_MEI
					, '2' AS RIYO_SETTEI
					, pfm.KINO_CD as OYA_KINO_CD
				from
					MS_USER_KINO_GROUP 
					inner join MS_KINO 
						on MS_USER_KINO_GROUP.KINO_CD = MS_KINO.KINO_CD 
					left join FUNCTION_MASTER pfm
						on MS_KINO.OYA_KINO_CD = pfm.KINO_CD
				where
					MS_USER_KINO_GROUP.USER_CD = #{userCd} 
				order by
					KINO_CD -->
			) kino
        on fm.KINO_CD = kino.KINO_CD
        order by fm.sort_priority
	</select>

</mapper>
