<?xml version="1.0" encoding="UTF-8" ?>
<!DOCTYPE mapper
PUBLIC "-//mybatis.org//DTD Mapper 3.0//EN"
"http://mybatis.org/dtd/mybatis-3-mapper.dtd">
<mapper namespace="jp.co.sharedsys.service.mapper.MsUpFileDefMapper">
    <resultMap id="result" type="jp.co.sharedsys.service.model.MsUpFileDef">
        <result column="UPLOAD_KINO_CD" property="uploadKinoCd" />
        <result column="UPLOAD_CD" property="uploadCd" />
        <result column="TEKIYO_KAISHIBI" property="tekiyoKaishibi" />
        <result column="EDI_SETTEI_ID" property="ediSetteiId" />
        <result column="DATA_FILE_MEI" property="dataFileMei" />
        <result column="FILE_SHUBETSU" property="fileShubetsu" />
        <result column="ICHIJI_HOZONYO_WORK_TABLE_MEI" property="ichijiHozonyoWorkTableMei" />
        <result column="FILE_YOMIKOMIYO_DS_SCRIPT_URL" property="fileYomikomiyoDsScriptUrl" />
        <result column="ICHIJI_HOZONYO_DS_SCRIPT_URL" property="ichijiHozonyoDsScriptUrl" />
        <result column="HONTOROKUYO_DS_SCRIPT_URL" property="hontorokuyoDsScriptUrl" />
        <result column="FILE_HEADER_GYO_NO_UMU" property="fileHeaderGyoUmu" />
        <result column="TEKIYO_SHURYOBI" property="tekiyoShuryobi" />
        <result column="SAKUJO_FLG" property="sakujoFlg" />
    </resultMap>
    
    <select id="findAll" resultMap="result">
        select *
          from MS_UPLOAD_FILE_TEIGI
    </select>

    <!--select id="findAllForSelector" resultType="hashmap">
        select '' as 'VALUE', '対象データを選択して下さい。' as 'LABEL'
          union all
        select DATA_FILE_MEI 'VALUE'
              ,data_file_hyouji_mei 'LABEL'
          from MS_UPLOAD_FILE_TEIGI
    </select -->
        
    <select id="findById" parameterType="int" resultMap="result">
        select * 
          from MS_UPLOAD_FILE_TEIGI
         where DATA_FILE_MEI = #{DATA_FILE_MEI}
    </select>

    <select id="findByColumn" parameterType="jp.co.sharedsys.service.model.MsUpFileDef" resultMap="result">
        select * 
          from MS_UPLOAD_FILE_TEIGI
         where 1 = 1
        <if test="uploadKinoCd != null"> and UPLOAD_KINO_CD = #{uploadKinoCd}</if>
        <if test="uploadCd != null"> and UPLOAD_CD = #{uploadCd}</if>
        <if test="tekiyoKaishibi != null"> and TEKIYO_KAISHIBI = #{tekiyoKaishibi}</if>
        <if test="ediSetteiId != null"> and EDI_SETTEI_ID = #{ediSetteiId}</if>
        <if test="dataFileMei != null"> and DATA_FILE_MEI = #{dataFileMei}</if>
        <if test="fileShubetsu != null"> and FILE_SHUBETSU = #{fileShubetsu}</if>
        <if test="ichijiHozonyoWorkTableMei != null"> and ICHIJI_HOZONYO_WORK_TABLE_MEI = #{ichijiHozonyoWorkTableMei}</if>
        <if test="fileYomikomiyoDsScriptUrl != null"> and FILE_YOMIKOMIYO_DS_SCRIPT_URL = #{fileYomikomiyoDsScriptUrl}</if>
        <if test="ichijiHozonyoDsScriptUrl != null"> and ICHIJI_HOZONYO_DS_SCRIPT_URL = #{ichijiHozonyoDsScriptUrl}</if>
        <if test="hontorokuyoDsScriptUrl != null"> and HONTOROKUYO_DS_SCRIPT_URL = #{hontorokuyoDsScriptUrl}</if>
        <if test="fileHeaderGyoUmu != null"> and FILE_HEADER_GYO_NO_UMU = #{fileHeaderGyoUmu}</if>
        <if test="tekiyoShuryobi != null"> and TEKIYO_SHURYOBI = #{tekiyoShuryobi}</if>
        <if test="sakujoFlg != null"> and SAKUJO_FLG = #{sakujoFlg}</if>
    </select>
</mapper>
