<?xml version="1.0" encoding="UTF-8" ?>
<!DOCTYPE mapper
PUBLIC "-//mybatis.org//DTD Mapper 3.0//EN"
"http://mybatis.org/dtd/mybatis-3-mapper.dtd">
<mapper namespace="jp.co.sharedsys.service.mapper.SsComMaintColumnMapper">
    <resultMap id="result" type="jp.co.sharedsys.service.model.SsComMaintColumn">
        <result column="id" property="id" />
        <result column="table_name" property="tableName" />
        <result column="column_name" property="columnName" />
        <result column="sub_column" property="subColumn" />
        <result column="column_description" property="columnDescription" />
        <result column="control_ind" property="controlInd" />
        <result column="search_column_ind" property="searchColumnInd" />
        <result column="line_end" property="lineEnd" />
        <result column="area_section" property="section" />        
        <result column="search_component" property="searchComponent" />
        <result column="search_opt_func_name" property="searchOptFuncName" />
        <result column="search_opt_param" property="searchOptParam" />
        <result column="default_value" property="defaultValue" />
        <result column="sort_index" property="sortIndex" />
        <result column="sch_sort_index" property="schSortIndex" />
        <result column="remarks" property="remarks" />
        <result column="created_by" property="createdBy" />
        <result column="created_date" property="createdDate" />
        <result column="last_modified_by" property="lastModifiedBy" />
        <result column="last_modified_date" property="lastModifiedDate" />
    </resultMap>
    
    <select id="findAll" resultMap="result">
        select *
          from ss_com_maint_column_def
    </select>
    
    <select id="findById" parameterType="int" resultMap="result">
        select * 
          from ss_com_maint_column_def
         where id = #{id}
    </select>


    <select id="findByColumn" parameterType="jp.co.sharedsys.service.model.SsComMaintColumn" resultMap="result">
        select * 
          from ss_com_maint_column_def
         where 1 = 1
        <if test="id != null"> and Id = #{id}</if>
        <if test="tableName != null"> and table_name = #{tableName}</if>
        <if test="columnName != null"> and column_name = #{columnName}</if>
        <if test="columnDescription != null"> and column_description = #{columnDescription}</if>
        <if test="controlInd != null"> and control_ind = #{controlInd}</if>
        <if test="searchColumnInd != null"> and search_column_ind = #{searchColumnInd}</if>
        <if test="searchComponent != null"> and search_component = #{searchComponent}</if>
        <if test="searchOptFuncName != null"> and search_opt_func_name = #{searchOptFuncName}</if>
        <if test="searchOptParam != null"> and search_opt_param = #{searchOptParam}</if>
        <if test="sortIndex != null"> and sort_index = #{sortIndex}</if>
        <if test="remarks != null"> and remarks = #{remarks}</if>
        order by sort_index
    </select>
    
    <select id="findPrimaryKeyName" parameterType="map" resultType="hashmap">
        SELECT
            CLM.COLUMN_NAME AS COLUMN_NAME
        FROM
            USER_CONSTRAINTS CNS
        LEFT OUTER JOIN USER_CONS_COLUMNS CLM 
          ON CNS.OWNER = CLM.OWNER 
	 AND CNS.CONSTRAINT_NAME = CLM.CONSTRAINT_NAME
        WHERE
            CNS.OWNER = 'AXIS_DEV'
        AND CNS.CONSTRAINT_TYPE = 'P'
        AND CNS.TABLE_NAME = UPPER(#{tableName})
    </select>

</mapper>
