<?xml version="1.0" encoding="UTF-8" ?>
<!DOCTYPE mapper
PUBLIC "-//mybatis.org//DTD Mapper 3.0//EN"
"http://mybatis.org/dtd/mybatis-3-mapper.dtd">
<mapper namespace="jp.co.sharedsys.service.mapper.SsComUploadDefMapper">
    <resultMap id="result" type="jp.co.sharedsys.service.model.SsComUploadDef">
        <result column="id" property="id" />
        <result column="file_name" property="fileName" />
        <result column="file_description" property="fileDescription" />
        <result column="file_type" property="fileType" />
        <result column="tmp_table_name" property="tmpTableName" />
        <result column="ds_file_read" property="dsFileRead" />
        <result column="ds_tmp_save" property="dsTmpSave" />
        <result column="ds_prod_save" property="dsProdSave" />
        <result column="remarks" property="remarks" />
        <result column="created_by" property="createdBy" />
        <result column="created_date" property="createdDate" />
        <result column="last_modified_by" property="lastModifiedBy" />
        <result column="last_modified_date" property="lastModifiedDate" />
    </resultMap>
    
    <select id="findAll" resultMap="result">
        select *
          from SS_COM_UPLOAD_DEF
    </select>

    <select id="findAllForSelector" resultType="hashmap">
        select '' as 'VALUE', '対象データを選択して下さい。' as 'LABEL'
          union all
        select file_name 'VALUE'
              ,file_description 'LABEL'
          from SS_COM_UPLOAD_DEF
    </select>
        
    <select id="findById" parameterType="int" resultMap="result">
        select * 
          from SS_COM_UPLOAD_DEF
         where id = #{id}
    </select>

    <select id="findByColumn" parameterType="jp.co.sharedsys.service.model.SsComMaintTable" resultMap="result">
        select * 
        --    from mst_news
          from SS_COM_UPLOAD_DEF
         where 1 = 1
        <if test="id != null"> and Id = #{id}</if>
        <if test="fileName != null"> and file_name = #{fileName}</if>
        <if test="fileDescription != null"> and file_description = #{fileDescription}</if>
        <if test="fileType != null"> and file_type = #{fileType}</if>
        <if test="tmpTableName != null"> and tmp_table_name = #{tmpTableName}</if>
        <if test="dsFileRead != null"> and ds_file_read = #{dsFileRead}</if>
        <if test="dsTmpSave != null"> and ds_tmp_save = #{dsTmpSave}</if>
        <if test="dsProdSave != null"> and ds_prod_save = #{dsProdSave}</if>
        <if test="remarks != null"> and remarks = #{remarks}</if>
    </select>
</mapper>
