<?xml version="1.0" encoding="UTF-8" ?>
<!DOCTYPE mapper
PUBLIC "-//mybatis.org//DTD Mapper 3.0//EN"
"http://mybatis.org/dtd/mybatis-3-mapper.dtd">
<mapper namespace="jp.co.sharedsys.service.mapper.SsComUploadCheckResultMapper">
    <resultMap id="result" type="jp.co.sharedsys.service.model.SsComUploadCheckResult">
        <result column="id" property="id" />
        <result column="read_id" property="yomikomiId" />
        <result column="upload_def_id" property="uploadDefId" />
        <result column="line_no" property="lineNo" />
        <result column="column_name" property="columnName" />
        <result column="message" property="message" />
        <result column="created_by" property="createdBy" />
        <result column="created_date" property="createdDate" />
        <result column="last_modified_by" property="lastModifiedBy" />
        <result column="last_modified_date" property="lastModifiedDate" />
    </resultMap>
    
    <select id="findAll" resultMap="result">
        select *
          from SS_COM_UPLOAD_CHECK_RESULT
    </select>
        
    <select id="findById" parameterType="int" resultMap="result">
        select * 
          from SS_COM_UPLOAD_CHECK_RESULT
         where id = #{id}
    </select>


    <select id="findByColumn" parameterType="jp.co.sharedsys.service.model.SsComUploadCheckResult" resultMap="result">
        select * 
          from SS_COM_UPLOAD_CHECK_RESULT
         where 1 = 1
        <if test="id != null"> and Id = #{id}</if>
        <if test="yomikomiId != null"> and read_id = #{yomikomiId}</if>
        <if test="uploadDefId != null"> and upload_def_id = #{uploadDefId}</if>
        <if test="columnName != null"> and column_name = #{columnName}</if>
        <if test="lineNo != null"> and line_no = #{lineNo}</if>
        <if test="message != null"> and message = #{message}</if>
    </select>
    
    <select id="findLineInfo" parameterType="jp.co.sharedsys.service.model.SsComUploadCheckResult" resultMap="result">
        select * 
          from SS_COM_UPLOAD_CHECK_RESULT
         where 1 = 1
           and read_id = #{yomikomiId}
           and upload_def_id = #{uploadDefId}
           and column_name = #{columnName}
           and line_no in (1, 2)
         order by line_no
    </select>
    
</mapper>
