<?xml version="1.0" encoding="UTF-8" ?>
<!DOCTYPE mapper
PUBLIC "-//mybatis.org//DTD Mapper 3.0//EN"
"http://mybatis.org/dtd/mybatis-3-mapper.dtd">
<mapper namespace="jp.co.sharedsys.service.mapper.SsComMaintTableMapper">
    <resultMap id="result" type="jp.co.sharedsys.service.model.SsComMaintTable">
        <result column="id" property="id" />
        <result column="table_name" property="tableName" />
        <result column="table_description" property="tableDescription" />
        <result column="validation_proc_id" property="validationProcId" />
        <result column="final_proc_id" property="finalProcId" />
        <result column="remarks" property="remarks" />
        <result column="created_by" property="createdBy" />
        <result column="created_date" property="createdDate" />
        <result column="last_modified_by" property="lastModifiedBy" />
        <result column="last_modified_date" property="lastModifiedDate" />
    </resultMap>
    
    <select id="findAll" resultMap="result">
        select *
          from ss_com_maint_table_def
    </select>

    <select id="findAllForSelector" resultType="hashmap">
        select ' ' as VALUE, ' ' as LABEL
          from dual
          union all
        select table_name as VALUE
              ,table_description as LABEL
          from ss_com_maint_table_def
    </select>
        
    <select id="findById" parameterType="int" resultMap="result">
        select * 
          from ss_com_maint_table_def
         where id = #{id}
    </select>


    <select id="findByColumn" parameterType="jp.co.sharedsys.service.model.SsComMaintTable" resultMap="result">
        select * 
          from ss_com_maint_table_def
         where 1 = 1
        <if test="id != null"> and Id = #{id}</if>
        <if test="tableName != null"> and table_name = #{tableName}</if>
        <if test="tableDescription != null"> and table_description = #{tableDescription}</if>
        <if test="validationProcId != null"> and validation_proc_id = #{validationProcId}</if>
        <if test="finalProcId != null"> and final_proc_id = #{finalProcId}</if>
        <if test="remarks != null"> and remarks = #{remarks}</if>
    </select>
</mapper>
