<?xml version="1.0" encoding="UTF-8" ?>
<!DOCTYPE mapper
PUBLIC "-//mybatis.org//DTD Mapper 3.0//EN"
"http://mybatis.org/dtd/mybatis-3-mapper.dtd">
<mapper namespace="jp.co.sharedsys.service.mapper.SsComMaintColumnListMapper">
    <resultMap id="result" type="jp.co.sharedsys.service.model.SsComMaintColumnList">
        <result column="id" property="id" />
        <result column="master_name" property="masterName" />        
        <result column="table_name" property="tableName" />
        <result column="column_name" property="columnName" />
        <result column="search_opt_func_name" property="searchOptFuncName" />
        <result column="remarks" property="remarks" />
        <result column="created_by" property="createdBy" />
        <result column="created_date" property="createdDate" />
        <result column="last_modified_by" property="lastModifiedBy" />
        <result column="last_modified_date" property="lastModifiedDate" />
    </resultMap>
    
    <select id="findAll" resultMap="result">
        select *
          from ss_com_maint_column_list
    </select>
    
    <select id="findById" parameterType="int" resultMap="result">
        select * 
          from ss_com_maint_column_list
         where id = #{id}
    </select>


    <select id="findByColumn" parameterType="jp.co.sharedsys.service.model.SsComMaintColumnList" resultMap="result">
        select * 
          from ss_com_maint_column_list
         where 1 = 1
        <if test="id != null"> and Id = #{id}</if>
        <if test="tableName != null"> and master_name = #{tableName}</if>        
<!--        <if test="tableName != null"> and table_name = #{tableName}</if>
        <if test="columnName != null"> and column_name = #{columnName}</if>
        <if test="searchOptFuncName != null"> and search_opt_func_name = #{searchOptFuncName}</if>
        <if test="remarks != null"> and remarks = #{remarks}</if>-->
    </select>
</mapper>
