<?xml version="1.0" encoding="UTF-8" ?>
<!DOCTYPE mapper
PUBLIC "-//mybatis.org//DTD Mapper 3.0//EN"
"http://mybatis.org/dtd/mybatis-3-mapper.dtd">
<mapper namespace="status">
	<resultMap type="status" id="result">
		<id column="status_type" property="statusType" />
		<id column="status_code" property="statusCode" />
		<result column="description" property="description" />
		<result column="work_flow_no" property="workFlowNo" />
		<result column="remarks" property="remarks" />
	</resultMap>

	<!-- insert -->
	<insert id="create" parameterType="status" useGeneratedKeys="true"
		keyProperty="statusType,statusCode">
		insert into
		status_master
		(
		 	 status_type,
			 status_code,
			 description,
			 work_flow_no,
			 remarks
		)values(
			 #{statusType},
			 #{statusCode},
			 #{description},
			 #{workFlowNo},
			 #{remarks}
		)
	</insert>

	<!-- select -->
	<select id="findById" parameterType="status" resultMap="result">
		select * from status_master
		where
		status_type = #{statusType}
		AND status_code = #{statusCode}
	</select>

	<select id="findByColumn" parameterType="status" resultMap="result" >
		select * from status_master
		where
		1=1
		<if test="statusType != null">AND status_type = #{statusType}</if>
		<if test="statusCode != null"> AND status_code = #{statusCode}</if>
		<if test="description != null"> AND description = #{description}</if>
		<if test="workFlowNo != null"> AND work_flow_no = #{workFlowNo}</if>
		<if test="remarks != null"> AND remarks = #{remarks}</if>
	</select>

	<!-- update -->
	<update id="update" parameterType="status">
		update status_master
		<set>
			<if test="description != null">description = #{description},</if>
			<if test="workFlowNo != null">work_flow_no = #{workFlowNo},</if>
			<if test="remarks != null">remarks = #{remarks}</if>
		</set>
		where
		status_type = #{statusType}
		AND status_code = #{statusCode}
	</update>

	<update id="updateByColumn" parameterType="map">
		update status_master
		<set>
			<if test="upd.description != null">description = #{upd.description},</if>
			<if test="upd.workFlowNo != null">work_flow_no = #{upd.workFlowNo},</if>
			<if test="upd.remarks != null">remarks = #{upd.remarks}</if>
		</set>
		where
		1=1
		<if test="crt.statusType != null">and status_type = #{crt.statusType}</if>
		<if test="crt.statusCode != null">and status_code = #{crt.statusCode}</if>
		<if test="crt.description != null">and description = #{crt.description}</if>
		<if test="crt.workFlowNo != null">and work_flow_no = #{crt.workFlowNo}</if>
		<if test="crt.remarks != null">and remarks = #{crt.remarks}</if>
	</update>

	<!-- delete -->
	<delete id="delete" parameterType="String">
		delete from status_master
		where
		status_type = #{statusType}
		AND status_code = #{statusCode}
	</delete>

	<delete id="deleteByColumn" parameterType="status">
		delete from status_master
		where
		1=1
		<if test="statusType != null">and status_type = #{statusType}</if>
		<if test="statusCode != null">and status_code = #{statusCode}</if>
		<if test="description != null">and description = #{description}</if>
		<if test="workFlowNo != null">and work_flow_no = #{workFlowNo}</if>
		<if test="remarks != null">and remarks = #{remarks}</if>
	</delete>

	<!-- findAll -->
	<select id="findAll" resultMap="result">
		select * from status_master
	</select>
</mapper>
