<?xml version="1.0" encoding="UTF-8" ?>
<!DOCTYPE mapper
PUBLIC "-//mybatis.org//DTD Mapper 3.0//EN"
"http://mybatis.org/dtd/mybatis-3-mapper.dtd">
<mapper namespace="jp.co.sharedsys.service.mapper.TrJokyoKanriMapper">
    <resultMap id="result" type="jp.co.sharedsys.service.model.TrJokyoKanri">
        <result column="EDI_SETTEI_ID" property="ediSetteiId" />
        <result column="JIKKO_KAISHI_NICHIJI" property="jikkoKaisiNichiji" />
        <result column="SHORI_SEQ" property="shoriSeq" />
        <result column="SHORI_TAISHO_MEISHO" property="shoriTaishoMeisho" />
        <result column="SHORI_JIKKO_KEKKA" property="shoriJikkoKekka" />
        <result column="SHORI_RECORD_KENSU" property="shoriRecordKensu" />
        <result column="OK_KENSU" property="okKensu" />
        <result column="YOSHUSEI_KENSU" property="youshuseiKensu" />
        <result column="NG_KENSU" property="ngKensu" />
        <result column="SKIP_KENSU" property="skipKensu" />
        <result column="JIKKO_SHURYO_NICHIJI" property="jikkoShuryoNichiji" />
    </resultMap>
    
    <select id="findAll" resultMap="result">
        select *
          from TR_JOKYO_KANRI
    </select>
        
    <select id="findById" parameterType="int" resultMap="result">
        select * 
          from TR_JOKYO_KANRI
         where id = #{id}
    </select>


    <select id="findByColumn" parameterType="jp.co.sharedsys.service.model.TrJokyoKanri" resultMap="result">
        select * 
          from TR_JOKYO_KANRI
         where 1 = 1
        <if test="ediSetteiId != null"> and EDI_SETTEI_ID = #{ediSetteiId}</if>
        <if test="jikkoKaisiNichiji != null"> and JIKKO_KAISHI_NICHIJI = #{jikkoKaisiNichiji}</if>
        <if test="shoriSeq != null"> and SHORI_SEQ = #{shoriSeq}</if>
        <if test="shoriTaishoMeisho != null"> and SHORI_TAISHO_MEISHO = #{shoriTaishoMeisho}</if>
        <if test="shoriJikkoKekka != null"> and SHORI_JIKKO_KEKKA = #{shoriJikkoKekka}</if>
        <if test="shoriRecordKensu != null"> and SHORI_RECORD_KENSU = #{shoriRecordKensu}</if>
        <if test="okKensu != null"> and OK_KENSU = #{okKensu}</if>
        <if test="youshuseiKensu != null"> and YOSHUSEI_KENSU = #{youshuseiKensu}</if>
        <if test="ngKensu != null"> and NG_KENSU = #{ngKensu}</if>
        <if test="skipKensu != null"> and SKIP_KENSU = #{skipKensu}</if>
        <if test="jikkoShuryoNichiji != null"> and JIKKO_SHURYO_NICHIJI = #{jikkoShuryoNichiji}</if>
    </select>
    
    <select id="findStatusInfo" parameterType="jp.co.sharedsys.service.model.TrJokyoKanri" resultMap="result">
        select SHORI_RECORD_KENSU
            , OK_KENSU
            , YOSHUSEI_KENSU
            , NG_KENSU
            , SKIP_KENSU
        from TR_JOKYO_KANRI
        where EDI_SETTEI_ID = '000001'
    </select>
    
<!--    <select id="searchUploadStat" parameterType="hashmap" resultMap="map">
        select SHORI_RECORD_KENSU
            , OK_KENSU
            , YOSHUSEI_KENSU
            , NG_KENSU
            , SKIP_KENSU
        from TR_JOKYO_KANRI
        where EDI_SETTEI_ID = 100
    </select>-->
    
    
</mapper>
