<?xml version="1.0" encoding="UTF-8" ?>
<!DOCTYPE mapper
PUBLIC "-//mybatis.org//DTD Mapper 3.0//EN"
"http://mybatis.org/dtd/mybatis-3-mapper.dtd">
<mapper namespace="jp.co.sharedsys.service.mapper.TrJokyoKanriShosaiUploadMapper">
    <resultMap id="resultStatus" type="jp.co.sharedsys.service.model.TrJokyoKanriShosaiUpload">
        <result column="EDI_SETTEI_ID" property="ediSetteiId" />
        <result column="JIKKO_KAISHI_NICHIJI" property="jikkoKaisiNichiji" />
        <result column="SHORI_SEQ" property="shoriSeq" />
        <result column="LOG_SEQ" property="logSeq" />
        <result column="SCRIPT_ID" property="scriptId" />
        <result column="LOG_LEVEL" property="logLevel" />
        <result column="MESSAGE_BUN" property="messageBun" />
        <result column="ERROR_CD" property="errorCd" />
        <result column="ERROR_HASSEI_GYO" property="errorHasseiGyo" />
        <result column="ERROR_HASSEI_COLUMN" property="errorHasseiColumn" />
    </resultMap>
    
    <select id="findAll" resultMap="resultStatus">
        select *
          from TR_JOKYO_KANRI_SHOSAI_UPLOAD
    </select>
        
    <select id="findById" parameterType="int" resultMap="resultStatus">
        select * 
          from TR_JOKYO_KANRI_SHOSAI_UPLOAD
         where id = #{id}
    </select>


    <select id="findByColumn" parameterType="jp.co.sharedsys.service.model.TrJokyoKanriShosaiUpload" resultMap="resultStatus">
        select * 
          from TR_JOKYO_KANRI_SHOSAI_UPLOAD
         where 1 = 1
        <if test="ediSetteiId != null"> and EDI_SETTEI_ID = #{ediSetteiId}</if>
        <if test="jikkoKaisiNichiji != null"> and JIKKO_KAISHI_NICHIJI = #{jikkoKaisiNichiji}</if>
        <if test="shoriSeq != null"> and SHORI_SEQ = #{shoriSeq}</if>
        <if test="logSeq != null"> and LOG_SEQ = #{logSeq}</if>
        <if test="scriptId != null"> and SCRIPT_ID = #{scriptId}</if>
        <if test="logLevel != null"> and LOG_LEVEL = #{logLevel}</if>
        <if test="messageBun != null"> and MESSAGE_BUN = #{messageBun}</if>
        <if test="errorCd != null"> and ERROR_CD = #{errorCd}</if>
        <if test="errorHasseiGyo != null"> and ERROR_HASSEI_GYO = #{errorHasseiGyo}</if>
        <if test="errorHasseiColumn != null"> and ERROR_HASSEI_COLUMN = #{errorHasseiColumn}</if>
    </select>
    
<!--    <select id="findLineInfo" parameterType="jp.co.sharedsys.ssnavi.service.model.TrJokyoKanriShosaiUpload" resultMap="resultStatus">
        select SHORI_RECORD_KENSU
            , OK_KENSU
            , YOSHUSEI_KENSU
            , NG_KENSU
            , SKIP_KENSU
        from TR_JOKYO_KANRI
        where EDI_SETTEI_ID = 100
    </select>-->
    
<!--    <select id="searchUploadStat" parameterType="hashmap" resultMap="map">
        select SHORI_RECORD_KENSU
            , OK_KENSU
            , YOSHUSEI_KENSU
            , NG_KENSU
            , SKIP_KENSU
        from TR_JOKYO_KANRI
        where EDI_SETTEI_ID = 100
    </select>-->
    
    
</mapper>
