<?xml version="1.0" encoding="UTF-8" ?>
<!DOCTYPE mapper
PUBLIC "-//mybatis.org//DTD Mapper 3.0//EN"
"http://mybatis.org/dtd/mybatis-3-mapper.dtd">
<mapper namespace="jp.co.sharedsys.service.mapper.TrUpFrmDatMapper">
    <resultMap id="result" type="jp.co.sharedsys.service.model.TrUpFrmDat">
        <result column="yomikomi_id" property="yomikomiId" />
        <result column="gyo_bango" property="gyoBango" />
        <result column="gyo_naiyo" property="gyoNaiyo" />
        <result column="torokusha_cd" property="torokushaCd" />
        <result column="toroku_nichiji" property="torokuNichiji" />

<!--        <result column="master_record_umu" property="masterRecordUmu" />
        <result column="master_sakujo_flg" property="masterSakujoFlg" />-->
        <result column="jotai_kubun" property="jotaiKubun" />
        <result column="toroku_kubun" property="torokuKubun" />
    </resultMap>
    
    <select id="findAll" resultMap="result">
        select *
          from TR_UPLOAD_MOTO_DATA
    </select>
        
    <select id="findById" parameterType="int" resultMap="result">
        select * 
          from TR_UPLOAD_MOTO_DATA
         where yomikomi_id = #{yomikomiId}
    </select>


    <select id="findByColumn" parameterType="jp.co.sharedsys.service.model.TrUpFrmDat" resultMap="result">
        select * 
          from TR_UPLOAD_MOTO_DATA
         where 1 = 1
        <if test="yomikomiId != null"> and yomikomi_id = #{yomikomiId}</if>
        <if test="gyoBango != null"> and gyo_bango = #{gyoBango}</if>
        <if test="gyoNaiyo != null"> and gyo_naiyo = #{gyoNaiyo}</if>
        <if test="torokushaCd != null"> and torokusha_cd = #{torokushaCd}</if>
        <if test="torokuNichiji != null"> and toroku_nichiji = #{torokuNichiji}</if>

<!--        <if test="masterRecordUmu != null"> and master_record_umu = #{masterRecordUmu}</if>
        <if test="masterSakujoFlg != null"> and master_sakujo_flg = #{masterSakujoFlg}</if>-->
        <if test="jotaiKubun != null"> and jotai_kubun = #{jotaiKubun}</if>
        <if test="torokuKubun != null"> and toroku_kubun = #{torokuKubun}</if>
    </select>
    
    <select id="findLineInfo" parameterType="jp.co.sharedsys.service.model.TrUpFrmDat" resultMap="result">
        select * 
          from TR_UPLOAD_MOTO_DATA
         where 1 = 1
           <if test="yomikomiId != null"> and yomikomi_id = #{yomikomiId}</if>
<!--           and gyo_bango in (1, 2) -->
         order by gyo_bango
    </select>
    
</mapper>
