<?xml version="1.0" encoding="UTF-8" ?>
<!DOCTYPE mapper
PUBLIC "-//mybatis.org//DTD Mapper 3.0//EN"
"http://mybatis.org/dtd/mybatis-3-mapper.dtd">
<mapper namespace="authorityComponent">
    <resultMap type="authorityComponent" id="result">
        <id column="user_cd" property="userCd" />
        <result column="screen_cd" property="screenCode" />
        <result column="component_name" property="componentName" />
        <result column="riyo_settei" property="riyoSettei" />
    </resultMap>

<select id="getAuthorityComponent" parameterType="String" resultMap="result">
select screen_cd, component_name, riyo_settei
  from(
    select kino_cd, max(riyo_settei) riyo_settei
    from (
        select
            ms_kino_group_riyo_kano_kino.kino_cd 
            ,ms_kino_group_riyo_kano_kino.kino_group_cd
            ,ms_kino_group_riyo_kano_kino.riyo_settei
        from ms_user_role 
        inner join ms_role_kino_group 
            on ms_user_role.role_cd = ms_role_kino_group.role_cd 
        inner join ms_kino_group_riyo_kano_kino 
            on ms_role_kino_group.kino_group_cd = ms_kino_group_riyo_kano_kino.kino_group_cd 
        where
            ms_user_role.user_cd = #{userCd}
            and ms_user_role.sakujo_flg = '0'
            and ms_user_role.tekiyo_kaishibi <![CDATA[ <= ]]> sysdate
      union all
        select
            ms_kino_group_riyo_kano_kino.kino_cd 
            ,ms_kino_group_riyo_kano_kino.kino_group_cd
            ,ms_kino_group_riyo_kano_kino.riyo_settei
        from ms_user_kino_group
        inner join ms_kino_group_riyo_kano_kino 
            on ms_user_kino_group.kino_group_cd = ms_kino_group_riyo_kano_kino.kino_group_cd
        where
            ms_user_kino_group.user_cd = #{userCd}
    )
        group by kino_cd
        order by kino_cd
  ) kino
inner join component_master
  on kino.kino_cd = component_master.kino_cd
</select>

</mapper>
