<?xml version="1.0" encoding="UTF-8" ?>
<!DOCTYPE mapper
PUBLIC "-//mybatis.org//DTD Mapper 3.0//EN"
"http://mybatis.org/dtd/mybatis-3-mapper.dtd">
<mapper namespace="calendar">
	<resultMap type="calendar" id="result">
		<id column="nengappi" property="nengappi" />
		<result column="kyujitsu_flg" property="kyujitsuFlg" />
		<result column="nichiyo_flg" property="nichiyoFlg" />
		<result column="shukujitsu_flg" property="shukujitsuFlg" />
		<result column="shukujitsu_meisho" property="shukujitsuMeisho" />
		<result column="uriage_shimebi_flg" property="uriageShimebiFlg" />
		<result column="nyukin_shimebi_flg" property="nyukinShimebiFlg" />
		<result column="shinsei_status" property="shinseiStatus" />
        <result column="y" property="year" />
        <result column="m" property="month" />
        <result column="d" property="day" />
        <result column="holiday" property="holiday" />
	</resultMap>

	<insert id="create" parameterType="menu"
		useGeneratedKeys="true" keyProperty="menuId">
		insert into ms_menu(
			menu_id,
			menu_mei,
			kino_cd,
			menu_group_id
		) values (
			#{menuId},
			#{menuName},
			#{kinoCd},
			#{childGroupId}
		)
	</insert>

    <select id="getHolidays" resultMap="result">
        SELECT EXTRACT(YEAR FROM nengappi) AS y, EXTRACT(MONTH FROM nengappi) AS m, EXTRACT(DAY FROM nengappi) AS d,
            CASE 
                WHEN kyujitsu_flg = '1' THEN 'true'
                WHEN shukujitsu_flg = '1' THEN 'true'
                ELSE 'false'
            END holiday
          FROM ms_eigyobi_calender
         WHERE TO_DATE(TO_CHAR(EXTRACT(YEAR FROM sysdate) - 2) || '0101', 'YYYYMMDD') <![CDATA[ <= ]]> nengappi
           AND nengappi <![CDATA[ < ]]> TO_DATE(TO_CHAR(EXTRACT(YEAR FROM sysdate) + 3) || '0101', 'YYYYMMDD')
           AND (
            kyujitsu_flg = '1'
            OR shukujitsu_flg = '1'
            )
         ORDER BY nengappi
    </select>

	<select id="findById" parameterType="String" resultMap="result">
		select * from ms_menu where menu_id = #{menuId}
	</select>

	<select id="findByColumn" parameterType="menu" resultMap="result">
		select * from ms_menu
		where
		1=1
		<if test="menuId != null">and menu_id = #{menuId}</if>
		<if test="kinoCd != null">and kino_cd = #{kinoCd}</if>
		<if test="childGroupId != null">and menu_id = #{childGroupId}</if>
	</select>

	<update id="update" parameterType="menu">
		update ms_menu
			<if test="menuId != null">menu_id = #{menuId},</if>
			<if test="menuName != null">menu_mei = #{menuName},</if>
			<if test="kinoCd != null">kino_cd = #{kinoCd},</if>
			<if test="childGroupId != null">menu_group_id = #{childGroupId},</if>
		where menu_id = #{menuId}
	</update>

	<delete id="delete" parameterType="String">
		delete from ms_menu where menu_id = #{menuId}
	</delete>

	<select id="findAll" resultMap="result">
        select *
          from ms_eigyobi_calender
		 order by nengappi
	</select>
	

</mapper>
