<?xml version="1.0" encoding="UTF-8" ?>
<!DOCTYPE mapper
PUBLIC "-//mybatis.org//DTD Mapper 3.0//EN"
"http://mybatis.org/dtd/mybatis-3-mapper.dtd">
<mapper namespace="menu">
	<resultMap type="menu" id="result">
		<id column="menu_id" property="menuId" />
		<result column="menu_mei" property="menuName" />
		<result column="kino_cd" property="kinoCd" />
		<result column="parent_group_id" property="parentGroupId" />
		<result column="parent_group_name" property="parentGroupName" />
		<result column="parent_icon" property="parentIconPath" />
		<result column="child_group_id" property="childGroupId" />
		<result column="child_group_name" property="childGroupName" />
		<result column="child_icon" property="childIconPath" />
		<result column="rpt_directory" property="rptDirectory" />
		<result column="rpt_file_name" property="rptFileName" />
		<result column="bridge" property="bridge" />
	</resultMap>

	<insert id="create" parameterType="menu"
		useGeneratedKeys="true" keyProperty="menuId">
		insert into ms_menu(
			menu_id,
			menu_mei,
			kino_cd,
			menu_group_id
		) values (
			#{menuId},
			#{menuName},
			#{kinoCd},
			#{childGroupId}
		)
	</insert>

	<select id="findById" parameterType="String" resultMap="result">
		select * from ms_menu where menu_id = #{menuId}
	</select>

	<select id="findByColumn" parameterType="menu" resultMap="result">
		select * from ms_menu
		where
		1=1
		<if test="menuId != null">and menu_id = #{menuId}</if>
		<if test="kinoCd != null">and kino_cd = #{kinoCd}</if>
		<if test="childGroupId != null">and menu_id = #{childGroupId}</if>
	</select>

	<update id="update" parameterType="menu">
		update ms_menu
			<if test="menuId != null">menu_id = #{menuId},</if>
			<if test="menuName != null">menu_mei = #{menuName},</if>
			<if test="kinoCd != null">kino_cd = #{kinoCd},</if>
			<if test="childGroupId != null">menu_group_id = #{childGroupId},</if>
		where menu_id = #{menuId}
	</update>

	<delete id="delete" parameterType="String">
		delete from ms_menu where menu_id = #{menuId}
	</delete>

	<select id="findAll" resultMap="result">
		select *
	  	  from FUNCTION_MASTER fm
		 inner join MS_KINO mk
				 on fm.KINO_CD = mk.KINO_CD
		 order by fm.SORT_PRIORITY
	</select>
	
	<select id="getAvailableMenu" parameterType="String" resultMap="result">
		SELECT parent_group.menu_group_id AS parent_group_id
				, parent_group.menu_group_mei AS parent_group_name
				, parent_group.icon_gazo_path AS parent_icon
				, child_group.menu_group_id AS child_group_id
				, child_group.menu_group_mei AS child_group_name
				, child_group.icon_gazo_path AS child_icon
				, item.menu_id
				, item.menu_mei
				, item.kino_cd
				, function_master.rpt_directory
				, function_master.rpt_file_name
				, function_master.bridge
		  FROM ms_user_role user_role
		 INNER JOIN ms_menu_access_kano_role menu_role
			ON user_role.role_cd = menu_role.role_cd
		 INNER JOIN ms_menu_group parent_group
			ON menu_role.menu_group_id = parent_group.menu_group_id
		 INNER JOIN ms_menu_group child_group
			ON parent_group.menu_group_id = child_group.oya_menu_group_id
		 INNER JOIN ms_menu item
			ON child_group.menu_group_id = item.menu_group_id
         INNER JOIN function_master
            ON item.kino_cd = function_master.kino_cd
		 WHERE user_role.user_cd = #{userCd}
		   AND user_role.tekiyo_kaishibi <![CDATA[ <= ]]> sysdate
		   AND user_role.sakujo_flg = '0'
		   AND user_role.shuryo_flg = '0'    
		 ORDER BY parent_group.menu_group_id, child_group.menu_group_id, item.menu_id
	</select>

</mapper>
