<?xml version="1.0" encoding="UTF-8" ?>
<!DOCTYPE mapper
PUBLIC "-//mybatis.org//DTD Mapper 3.0//EN"
"http://mybatis.org/dtd/mybatis-3-mapper.dtd">
<mapper namespace="office">
    <resultMap type="office" id="result">
        <id column="user_cd" property="userCd" />
        <result column="eigyosho_cd" property="eigyoshoCd" />
        <result column="eigyosho_mei" property="eigyoshoMei" />
    </resultMap>

<select id="getAccessibleOffice" parameterType="String" resultType="map">

with r(eigyosho_cd, soshiki_bunrui_cd) as ( 
  select
    ms_eigyosho_group.eigyosho_cd
    ,ms_eigyosho_group.soshiki_bunrui_cd 
  from
    ms_eigyosho_group 
    inner join ms_user_access_kano_soshiki 
      on ms_user_access_kano_soshiki.access_kano_soshiki_cd = ms_eigyosho_group.eigyosho_cd 
  where
    ms_user_access_kano_soshiki.user_cd = #{userCd}
    and ms_eigyosho_group.sakujo_flg = '0' 
    and ms_user_access_kano_soshiki.sakujo_flg = '0' 
    and ms_user_access_kano_soshiki.shozoku_kaishibi <![CDATA[ <= ]]> trunc(sysdate) 
    and ms_user_access_kano_soshiki.shozoku_shuryobi <![CDATA[ >= ]]> trunc(sysdate) 
  union all 
  select
    ms_eigyosho_group.eigyosho_cd
    , ms_eigyosho_group.soshiki_bunrui_cd 
  from
    ms_eigyosho_group
    , r 
  where
    ms_eigyosho_group.joi_eigyosho_cd = r.eigyosho_cd 
    and ms_eigyosho_group.soshiki_bunrui_cd = r.soshiki_bunrui_cd 
    and ms_eigyosho_group.sakujo_flg = '0' 
    and ms_eigyosho_group.tekiyo_kaishibi <![CDATA[ <= ]]> trunc(sysdate) 
) 

select 
    ms_eigyosho.eigyosho_cd || ':'  || eigyosho_mei as LABEL,
    ms_eigyosho.eigyosho_cd as VALUE,
    eigyosho_mei as LABEL_VALUE
from (
  select distinct
    eigyosho_cd 
  from r 
  order by
    eigyosho_cd
) e
inner join ms_eigyosho
  on e.eigyosho_cd = ms_eigyosho.eigyosho_cd 
where
  ms_eigyosho.tekiyo_kaishibi <![CDATA[ <= ]]> trunc(sysdate) 
  and ms_eigyosho.tekiyo_shuryobi <![CDATA[ >= ]]> trunc(sysdate)
</select>

<select id="getDefaultEigyosho" parameterType="string" resultType="string">
  select
    ms_user_access_kano_soshiki.access_kano_soshiki_cd default_eigyosho_cd
  from
    ms_user_access_kano_soshiki 
  where
    ms_user_access_kano_soshiki.user_cd = #{userCd}
    and ms_user_access_kano_soshiki.sakujo_flg = '0' 
    and ms_user_access_kano_soshiki.shozoku_kaishibi <![CDATA[ <= ]]> trunc(sysdate) 
    and ms_user_access_kano_soshiki.shozoku_shuryobi <![CDATA[ >= ]]> trunc(sysdate) 
    and default_shozoku_flg = '1'
</select>
</mapper>
