<?xml version = "1.0" encoding = "UTF-8" ?>
<digester-rules>
	<pattern value="pdf-group">
	 	<object-create-rule classname="java.util.ArrayList" />
		<set-properties-rule/>
	</pattern>
	<pattern value="pdf-group/pdfs">
		<object-create-rule classname="jp.co.sharedsys.wbb.jsf.conf.XReportPdfs" />
		<set-next-rule methodname="add" />

		<pattern value="name">
			<bean-property-setter-rule propertyname="name"/>
		</pattern>
		<pattern value="description">
			<bean-property-setter-rule propertyname="description"/>
		</pattern>
		<pattern value="selected">
			<bean-property-setter-rule propertyname="selected"/>
		</pattern>

		<pattern value="after-exec-service">
			<bean-property-setter-rule propertyname="afterExecService"/>
		</pattern>

		<!-- pdf-group/pdfs/pdf -->
		<pattern value="pdf">
			<object-create-rule classname="jp.co.sharedsys.wbb.jsf.conf.XReportPdfConfig" />
			<set-next-rule methodname="addPdfConfig" />
			<pattern value="connection">
				<bean-property-setter-rule propertyname="connection"/>
			</pattern>
			<pattern value="format-file">
				<bean-property-setter-rule propertyname="formatFile"/>
			</pattern>
			<pattern value="sql-file">
				<bean-property-setter-rule propertyname="sqlFile"/>
			</pattern>
			<pattern value="name">
				<bean-property-setter-rule propertyname="name"/>
			</pattern>
			<pattern value="sort-key">
				<bean-property-setter-rule propertyname="sortKey"/>
			</pattern>
			<pattern value="after-service">
				<bean-property-setter-rule propertyname="afterService"/>
			</pattern>
			<pattern value="after-service">
				<bean-property-setter-rule propertyname="afterService"/>
			</pattern>
		</pattern>
	</pattern>

</digester-rules>
