<?xml version = "1.0" encoding = "UTF-8" ?>
<digester-rules>
	<!-- report-app -->
	<pattern value="report-app">
		<object-create-rule classname="jp.co.sharedsys.wbb.jsf.reports.ReportAppConfig" />
		<set-properties-rule/>
	</pattern>

	<!-- report-app.directory -->
	<pattern value="report-app/directory">
		<bean-property-setter-rule propertyname="directory"/>
	</pattern>

	<!-- report-app.title -->
	<pattern value="report-app/title">
		<bean-property-setter-rule propertyname="title"/>
	</pattern>

	<!-- report-app.description -->
	<pattern value="report-app/description">
		<bean-property-setter-rule propertyname="description"/>
	</pattern>

	<!-- report-app.description -->
	<pattern value="report-app/show-in-menu">
		<bean-property-setter-rule propertyname="showInMenu"/>
	</pattern>

	<!-- report-app.description -->
	<pattern value="report-app/screen-code">
		<bean-property-setter-rule propertyname="screenCode"/>
	</pattern>
</digester-rules>
