<?xml version = "1.0" encoding = "UTF-8" ?>
<digester-rules>
	<!-- report -->
	<pattern value="report">
		<object-create-rule classname="jp.co.sharedsys.wbb.jsf.conf.XReport" />
		<set-properties-rule/>
	</pattern>

	<!-- report.title -->
	<pattern value="report/title">
		<bean-property-setter-rule propertyname="title"/>
	</pattern>

	<!-- report.title -->
	<pattern value="report/short-title">
		<bean-property-setter-rule propertyname="shortTitle"/>
	</pattern>

	<!-- report.description -->
	<pattern value="report/description">
		<bean-property-setter-rule propertyname="description"/>
	</pattern>

	<!-- report.style -->
	<pattern value="report/style">
		<bean-property-setter-rule propertyname="style"/>
	</pattern>

	<!-- report.icon -->
	<pattern value="report/icon">
		<bean-property-setter-rule propertyname="icon"/>
	</pattern>

	<!-- report.parameter-page-template -->
	<pattern value="report/parameter-page-template">
		<bean-property-setter-rule propertyname="parameterPageTemplate"/>
	</pattern>


	<!-- report.reportType -->
	<pattern value="report/report-type">
		<bean-property-setter-rule propertyname="reportType"/>
	</pattern>

	<!-- report.showInMenu -->
	<pattern value="report/show-in-menu">
		<bean-property-setter-rule propertyname="showInMenu"/>
	</pattern>

	<!-- report.excelTemplate -->
	<pattern value="report/excel-template">
		<bean-property-setter-rule propertyname="excelTemplate"/>
	</pattern>

	<!-- report.csvTemplate -->
	<pattern value="report/csv-template">
		<bean-property-setter-rule propertyname="csvTemplate"/>
	</pattern>

	<!-- report.pageTemplate -->
	<pattern value="report/page-template">
		<bean-property-setter-rule propertyname="pageTemplate"/>
	</pattern>

	<!-- report.reload-condition -->
	<pattern value="report/reload-condition">
		<bean-property-setter-rule propertyname="reloadCondition"/>
	</pattern>

	<!-- report.file-save-scope -->
	<pattern value="report/file-save-scope">
		<bean-property-setter-rule propertyname="fileSaveScope"/>
	</pattern>

	<!-- report.file-path-to-save -->
	<pattern value="report/file-path-to-save">
		<bean-property-setter-rule propertyname="filePathToSave"/>
	</pattern>
	<!-- report.file-name-to-save -->
	<pattern value="report/file-name-to-save">
		<bean-property-setter-rule propertyname="fileNameToSave"/>
	</pattern>

<!-- 2012.12.26 S.komaji Add -->
	<!-- report.null-zero -->
	<pattern value="report/null-zero">
		<bean-property-setter-rule propertyname="nullZero"/>
	</pattern>
<!-- 2012.12.26 S.Komaji end -->

	<pattern value="report/screen-code">
		<bean-property-setter-rule propertyname="screenCode"/>
	</pattern>

	<!-- report/conditions/condition -->
	<pattern value="report/conditions/condition">
		<object-create-rule classname="jp.co.sharedsys.wbb.jsf.conf.XReportCondition" />
		<set-next-rule methodname="addCondition" />
		<!-- report/conditions/condition.name -->
		<pattern value="name">
			<bean-property-setter-rule propertyname="name"/>
		</pattern>
		<!-- report/conditions/condition.displayName -->
		<pattern value="display-name">
			<bean-property-setter-rule propertyname="displayName"/>
		</pattern>
		<!-- report/conditions/condition.controlType -->
		<pattern value="control-type">
			<bean-property-setter-rule propertyname="controlType"/>
		</pattern>
		<!-- report/conditions/condition.dataType -->
		<pattern value="data-type">
			<bean-property-setter-rule propertyname="dataType"/>
		</pattern>

		<!-- report/conditions/condition.defaultValue -->
		<pattern value="default-value">
			<bean-property-setter-rule propertyname="defaultValue"/>
		</pattern>

		<!-- report/conditions/condition.toolTip -->
		<pattern value="tool-tip">
			<bean-property-setter-rule propertyname="toolTip"/>
		</pattern>

		<!-- report/conditions/condition.minLength -->
		<pattern value="min-length">
			<bean-property-setter-rule propertyname="minLength"/>
		</pattern>

		<!-- report/conditions/condition.maxLength -->
		<pattern value="max-length">
			<bean-property-setter-rule propertyname="maxLength"/>
		</pattern>

		<!-- report/conditions/condition.skipIfBlank -->
		<pattern value="skip-if-blank">
			<bean-property-setter-rule propertyname="skipIfBlank"/>
		</pattern>

		<!-- report/conditions/condition.applyTo -->
		<pattern value="apply-to">
			<bean-property-setter-rule propertyname="applyTo"/>
		</pattern>

		<!-- report/conditions/condition.required -->
		<pattern value="required">
			<bean-property-setter-rule propertyname="required"/>
		</pattern>
		<!-- report/conditions/condition.combination -->
		<pattern value="combination">
			<bean-property-setter-rule propertyname="combination"/>
		</pattern>

		<!-- report/conditions/condition.cache -->
		<pattern value="cache">
			<bean-property-setter-rule propertyname="cache"/>
		</pattern>

		<!-- report/conditions/condition/option -->
		<pattern value="option">
			<object-create-rule classname="jp.co.sharedsys.wbb.jsf.conf.XReportConditionOption" />
			<set-next-rule methodname="addOption" />
			<!-- report/conditions/condition/option/label -->
			<pattern value="label">
				<bean-property-setter-rule propertyname="label"/>
			</pattern>
			<pattern value="value">
				<bean-property-setter-rule propertyname="value"/>
			</pattern>
			<!-- 2012.11.08 for roots -->
			<pattern value="match-key">
				<bean-property-setter-rule propertyname="matchKey"/>
			</pattern>
			<pattern value="checked">
				<bean-property-setter-rule propertyname="checked"/>
			</pattern>
			<pattern value="connection">
				<bean-property-setter-rule propertyname="connection"/>
			</pattern>
			<pattern value="template-file">
				<bean-property-setter-rule propertyname="templateFile"/>
			</pattern>
			<pattern value="service">
				<bean-property-setter-rule propertyname="service"/>
			</pattern>
			<pattern value="function-code">
				<bean-property-setter-rule propertyname="functionCode"/>
			</pattern>
			<pattern value="service-parameter">
				<bean-property-setter-rule propertyname="serviceParameter"/>
			</pattern>
			<pattern value="table-name">
				<bean-property-setter-rule propertyname="tableName"/>
			</pattern>                              
		</pattern>

		<!-- report/conditions/condition.target-dynamic  2012.11.08 for roots-->
		<pattern value="target-dynamic">
			<bean-property-setter-rule propertyname="targetDynamic"/>
		</pattern>
		<pattern value="ime-mode">
			<bean-property-setter-rule propertyname="imeMode"/>
		</pattern>
		<pattern value="header-width">
			<bean-property-setter-rule propertyname="headerWidth"/>
		</pattern>
		<pattern value="size">
			<bean-property-setter-rule propertyname="size"/>
		</pattern>
		<pattern value="width">
			<bean-property-setter-rule propertyname="width"/>
		</pattern>
		<pattern value="height">
			<bean-property-setter-rule propertyname="height"/>
		</pattern>
		<pattern value="line-end">
			<bean-property-setter-rule propertyname="lineEnd"/>
		</pattern>
		<pattern value="prev-col-position">
			<bean-property-setter-rule propertyname="prevColPosition"/>
		</pattern>
		<pattern value="colspan">
			<bean-property-setter-rule propertyname="colspan"/>
		</pattern>
		<pattern value="section">
			<bean-property-setter-rule propertyname="section"/>
		</pattern>
		<pattern value="visible">
			<bean-property-setter-rule propertyname="visible"/>
		</pattern>
		<pattern value="enable">
			<bean-property-setter-rule propertyname="enable"/>
		</pattern>
                <pattern value="extra1">
			<bean-property-setter-rule propertyname="extra1"/>
		</pattern>
		<pattern value="extra2">
			<bean-property-setter-rule propertyname="extra2"/>
		</pattern>
		<pattern value="extra3">
			<bean-property-setter-rule propertyname="extra3"/>
		</pattern>
		<pattern value="extra4">
			<bean-property-setter-rule propertyname="extra4"/>
		</pattern>
		<pattern value="extra5">
			<bean-property-setter-rule propertyname="extra5"/>
                </pattern>        
	</pattern>


	<!-- report/sqls/sql -->
	<pattern value="report/sqls/sql">
		<object-create-rule classname="jp.co.sharedsys.wbb.jsf.conf.XReportSql" />
		<set-next-rule methodname="addSql" />

		<!-- report/sqls/sql.name -->
		<pattern value="name">
			<bean-property-setter-rule propertyname="name"/>
		</pattern>

		<!-- report/sqls/sql.description -->
		<pattern value="description">
			<bean-property-setter-rule propertyname="description"/>
		</pattern>

		<!-- report/sqls/sql.connection -->
		<pattern value="connection">
			<bean-property-setter-rule propertyname="connection"/>
		</pattern>

		<!-- report/sqls/sql.statementType -->
		<pattern value="statement-type">
			<bean-property-setter-rule propertyname="statementType"/>
		</pattern>

		<!-- report/sqls/sql.templateFile -->
		<pattern value="template-file">
			<bean-property-setter-rule propertyname="templateFile"/>
		</pattern>

		<!-- report/sqls/sql.moduleName -->
		<pattern value="module-name">
			<bean-property-setter-rule propertyname="moduleName"/>
		</pattern>

		<!-- report/sqls/sql.showResult -->
		<pattern value="show-result">
			<bean-property-setter-rule propertyname="showResult"/>
		</pattern>

		<!-- report/sqls/sql.showResult -->
		<pattern value="downloadable">
			<bean-property-setter-rule propertyname="downloadable"/>
		</pattern>

		<!-- report/sqls/sql.showAddRowButton -->
		<pattern value="show-add-row-button">
			<bean-property-setter-rule propertyname="showAddRowButton"/>
		</pattern>

		<!-- report/sqls/sql.dataClass -->
		<pattern value="data-class">
			<bean-property-setter-rule propertyname="dataClass"/>
		</pattern>

		<!-- report/sqls/sql.detailMode -->
		<pattern value="detail-mode">
			<bean-property-setter-rule propertyname="detailMode"/>
		</pattern>

		<pattern value="service">
			<bean-property-setter-rule propertyname="service"/>
		</pattern>
		<pattern value="function-code">
			<bean-property-setter-rule propertyname="functionCode"/>
		</pattern>
                <pattern value="table-name">
                        <bean-property-setter-rule propertyname="tableName"/>
                </pattern>  
	</pattern>

	<!-- report/buttons/formats -->
	<pattern value="report/formats/format">
		<object-create-rule classname="jp.co.sharedsys.wbb.jsf.conf.XReportFormat" />
		<set-next-rule methodname="addFormat" />
		<!-- report/formats/format.fieldName -->
		<pattern value="field-name">
			<bean-property-setter-rule propertyname="fieldName"/>
		</pattern>
		<!-- report/formats/format.fieldName -->
		<pattern value="field-name">
			<bean-property-setter-rule propertyname="fieldName"/>
		</pattern>
		<!-- report/formats/format.type -->
		<pattern value="type">
			<bean-property-setter-rule propertyname="type"/>
		</pattern>
		<!-- report/formats/format.pattern -->
		<pattern value="pattern">
			<bean-property-setter-rule propertyname="pattern"/>
		</pattern>

	</pattern>



	<!-- report/buttons/button -->
	<pattern value="report/buttons/button">
		<object-create-rule classname="jp.co.sharedsys.wbb.jsf.conf.XReportButton" />
		<set-next-rule methodname="addButton" />
		<!-- report/buttons/button.name -->
		<pattern value="name">
			<bean-property-setter-rule propertyname="name"/>
		</pattern>

		<!-- report/buttons/button.value -->
		<pattern value="value">
			<bean-property-setter-rule propertyname="value"/>
		</pattern>

		<!-- report/buttons/button.action -->
		<pattern value="action">
			<bean-property-setter-rule propertyname="action"/>
		</pattern>

		<pattern value="rpt-file">
			<bean-property-setter-rule propertyname="rptFile"/>
		</pattern>

		<!-- report/buttons/button.rptFile -->
		<pattern value="rpt-dir">
			<bean-property-setter-rule propertyname="rptDir"/>
		</pattern>

		<pattern value="service">
			<bean-property-setter-rule propertyname="service"/>
		</pattern>

		<pattern value="function-code">
			<bean-property-setter-rule propertyname="functionCode"/>
		</pattern>

		<pattern value="tab-title">
			<bean-property-setter-rule propertyname="tabTitle"/>
		</pattern>

		<pattern value="pdf-group-file">
			<bean-property-setter-rule propertyname="pdfGroupFile"/>
		</pattern>

		<pattern value="position">
			<bean-property-setter-rule propertyname="position"/>
		</pattern>
		<!-- report/conditions/condition/option -->
		<pattern value="option">
			<object-create-rule classname="jp.co.sharedsys.wbb.jsf.conf.XReportConditionOption" />
			<set-next-rule methodname="addOption" />
			<!-- report/conditions/condition/option/label -->
			<pattern value="label">
				<bean-property-setter-rule propertyname="label"/>
			</pattern>
			<pattern value="value">
				<bean-property-setter-rule propertyname="value"/>
			</pattern>
			<!-- 2012.11.08 for roots -->
			<pattern value="match-key">
				<bean-property-setter-rule propertyname="matchKey"/>
			</pattern>
			<pattern value="checked">
				<bean-property-setter-rule propertyname="checked"/>
			</pattern>
			<pattern value="connection">
				<bean-property-setter-rule propertyname="connection"/>
			</pattern>
			<pattern value="template-file">
				<bean-property-setter-rule propertyname="templateFile"/>
			</pattern>
			<pattern value="service">
				<bean-property-setter-rule propertyname="service"/>
			</pattern>
			<pattern value="function-code">
				<bean-property-setter-rule propertyname="functionCode"/>
			</pattern>
			<pattern value="service-parameter">
				<bean-property-setter-rule propertyname="serviceParameter"/>
			</pattern>                    
		</pattern>
	</pattern>

<!-- 2012.08.10 N.Ichijo Add -->
	<!-- report/modification -->
	<pattern value="report/modification">
		<object-create-rule classname="jp.co.sharedsys.wbb.jsf.conf.XReportModification" />
		<set-next-rule methodname="setModification" />
		<pattern value="mode">
			<bean-property-setter-rule propertyname="mode"/>
		</pattern>
		<pattern value="default-line">
			<bean-property-setter-rule propertyname="defaultLine"/>
		</pattern>
		<pattern value="insert">
			<bean-property-setter-rule propertyname="insert"/>
		</pattern>
		<pattern value="update">
			<bean-property-setter-rule propertyname="update"/>
		</pattern>
		<pattern value="delete">
			<bean-property-setter-rule propertyname="delete"/>
		</pattern>
	</pattern>
	<pattern value="report/modification/columns/column">
		<object-create-rule classname="jp.co.sharedsys.wbb.jsf.conf.XReportColumn" />
		<set-next-rule methodname="addColumn" />

		<pattern value="name">
			<bean-property-setter-rule propertyname="name"/>
		</pattern>
		<pattern value="display-name">
			<bean-property-setter-rule propertyname="displayName"/>
		</pattern>
		<pattern value="control-type">
			<bean-property-setter-rule propertyname="controlType"/>
		</pattern>
		<pattern value="data-type">
			<bean-property-setter-rule propertyname="dataType"/>
		</pattern>
		<!--not available-->
		<pattern value="default-value">
			<bean-property-setter-rule propertyname="defaultValue"/>
		</pattern>
		<pattern value="tool-tip">
			<bean-property-setter-rule propertyname="toolTip"/>
		</pattern>
		<!--not available-->
		<pattern value="min-length">
			<bean-property-setter-rule propertyname="minLength"/>
		</pattern>
		<pattern value="max-length">
			<bean-property-setter-rule propertyname="maxLength"/>
		</pattern>
		<pattern value="skip-if-blank">
			<bean-property-setter-rule propertyname="skipIfBlank"/>
		</pattern>
		<!--not available-->
		<pattern value="apply-to">
			<bean-property-setter-rule propertyname="applyTo"/>
		</pattern>
		<pattern value="required">
			<bean-property-setter-rule propertyname="required"/>
		</pattern>
		<!--not available-->
		<pattern value="combination">
			<bean-property-setter-rule propertyname="combination"/>
		</pattern>

		<!--not available-->
		<pattern value="cache">
			<bean-property-setter-rule propertyname="cache"/>
		</pattern>

		<!--not available-->
		<pattern value="prefix">
			<bean-property-setter-rule propertyname="prefix"/>
		</pattern>
		<!--not available-->
		<pattern value="suffix">
			<bean-property-setter-rule propertyname="suffix"/>
		</pattern>
		<pattern value="sort-index">
			<bean-property-setter-rule propertyname="sortIndex"/>
		</pattern>
		<pattern value="tab-index">
			<bean-property-setter-rule propertyname="tabIndex"/>
		</pattern>
		<!--not available-->
		<pattern value="readonly">
			<bean-property-setter-rule propertyname="readonly"/>
		</pattern>
		<pattern value="line-end">
			<bean-property-setter-rule propertyname="lineEnd"/>
		</pattern>
		<pattern value="pk">
			<bean-property-setter-rule propertyname="pk"/>
		</pattern>
		<!-- report/modification/columns/column/option -->
		<pattern value="option">
			<object-create-rule classname="jp.co.sharedsys.wbb.jsf.conf.XReportColumnOption" />
			<set-next-rule methodname="addOption" />
			<!-- report/modification/columns/column/option/label -->
			<pattern value="label">
				<bean-property-setter-rule propertyname="label"/>
			</pattern>
			<pattern value="value">
				<bean-property-setter-rule propertyname="value"/>
			</pattern>
			<pattern value="checked">
				<bean-property-setter-rule propertyname="checked"/>
			</pattern>
			<pattern value="connection">
				<bean-property-setter-rule propertyname="connection"/>
			</pattern>
			<pattern value="template-file">
				<bean-property-setter-rule propertyname="templateFile"/>
			</pattern>
			<pattern value="service">
				<bean-property-setter-rule propertyname="service"/>
			</pattern>
			<pattern value="function-code">
				<bean-property-setter-rule propertyname="functionCode"/>
			</pattern>
			<pattern value="service-parameter">
				<bean-property-setter-rule propertyname="serviceParameter"/>
			</pattern>
		</pattern>
		<!-- target-dynamic  2012.11.08 for roots-->
		<pattern value="target-dynamic">
			<bean-property-setter-rule propertyname="targetDynamic"/>
		</pattern>
		<pattern value="transfer-rpt-file">
			<bean-property-setter-rule propertyname="transferRptFile"/>
		</pattern>
		<pattern value="transfer-rpt-dir">
			<bean-property-setter-rule propertyname="transferRptDir"/>
		</pattern>
		<pattern value="transfer-tab-title">
			<bean-property-setter-rule propertyname="transferTabTitle"/>
		</pattern>
		<pattern value="table-name">
			<bean-property-setter-rule propertyname="tableName"/>
		</pattern>
		<pattern value="ime-mode">
			<bean-property-setter-rule propertyname="imeMode"/>
		</pattern>
		<pattern value="header-width">
			<bean-property-setter-rule propertyname="headerWidth"/>
		</pattern>
		<pattern value="size">
			<bean-property-setter-rule propertyname="size"/>
		</pattern>
		<pattern value="width">
			<bean-property-setter-rule propertyname="width"/>
		</pattern>
		<pattern value="height">
			<bean-property-setter-rule propertyname="height"/>
		</pattern>
		<pattern value="prev-col-position">
			<bean-property-setter-rule propertyname="prevColPosition"/>
		</pattern>
		<pattern value="confirm-required">
			<bean-property-setter-rule propertyname="confirmRequired"/>
		</pattern>
		<pattern value="table-end">
			<bean-property-setter-rule propertyname="tableEnd"/>
		</pattern>
		<pattern value="table-break">
			<bean-property-setter-rule propertyname="tableBreak"/>
		</pattern>
		<pattern value="colspan">
			<bean-property-setter-rule propertyname="colspan"/>
		</pattern>
		<pattern value="rowspan">
			<bean-property-setter-rule propertyname="rowspan"/>
		</pattern>
		<pattern value="enter-key-event-service-run">
			<bean-property-setter-rule propertyname="enterKeyEventServiceRun"/>
		</pattern>
		<pattern value="service">
			<bean-property-setter-rule propertyname="service"/>
		</pattern>
		<pattern value="function-code">
			<bean-property-setter-rule propertyname="functionCode"/>
		</pattern>
		<pattern value="remove-table-header">
			<bean-property-setter-rule propertyname="removeTableHeader"/>
		</pattern>
		<pattern value="extra1">
			<bean-property-setter-rule propertyname="extra1"/>
		</pattern>
		<pattern value="extra2">
			<bean-property-setter-rule propertyname="extra2"/>
		</pattern>
		<pattern value="extra3">
			<bean-property-setter-rule propertyname="extra3"/>
		</pattern>
		<pattern value="extra4">
			<bean-property-setter-rule propertyname="extra4"/>
		</pattern>
		<pattern value="extra5">
			<bean-property-setter-rule propertyname="extra5"/>
		</pattern>
		<pattern value="section">
			<bean-property-setter-rule propertyname="section"/>
		</pattern>
		<pattern value="visible">
			<bean-property-setter-rule propertyname="visible"/>
		</pattern>
		<pattern value="enable">
			<bean-property-setter-rule propertyname="enable"/>
		</pattern>

	</pattern>
<!-- 2012.08.10 N.Ichijo End -->
</digester-rules>
