<?xml version="1.0" encoding="UTF-8" ?>
<!DOCTYPE mapper
PUBLIC "-//mybatis.org//DTD Mapper 3.0//EN"
"http://mybatis.org/dtd/mybatis-3-mapper.dtd">
<mapper namespace="SampleForHistory">
    <resultMap id="result" type="jp.co.kintetsuls.service.model.SampleForHistoryDef">
        <result column="id" property="id" />
        <result column="date_value" property="dateValue" />
        <result column="value1" property="value1" />
        <result column="value2" property="value2" />
        <result column="value3" property="value3" />
    </resultMap>
    
<!-- select -->

    <select id="findAll" resultMap="result">
        select * from sample
        where active_ind = 1
    </select>
    <select id="findToMap" parameterType="hashmap" resultMap="result">
        select s.column1, s.column2, s.column3, s.column4, s.column5, s.column6
          from sample s
         where s.ACTIVE_IND = 1
        <if test="column1 != null and column1 != ''">and s.column1 = #{column1}</if>
        <if test="column2 != null and column2 != ''">and s.column2 = #{column2}</if>
        <if test="column3 != null and column3 != ''">and s.column3 = #{column3}</if>
        <if test="column4 != null and column4 != ''">and s.column4 = #{column4}</if>
        <if test="column5 != null and column5 != ''">and s.column5 = #{column5}</if>
        <if test="column6 != null and column6 != ''">and s.column6 = #{column6}</if>        
        <if test="searchOption != null and searchOption != ''">        
         ORDER BY ${searchOption}
        </if>
    </select>
    <select id="findById" resultType="hashmap" parameterType="map">
        select column1, column2, column3, column4
          from sample
         where column1 = #{column1}
           and active_ind = 1
    </select>
    <select id="findByIdToModel" parameterType="map" resultMap="result">
        select
        column1, column2, column3, column4
        from sample
        where
        column1 = #{column1}
        AND active_ind = 1
    </select>    
    <select id="findByColumn" parameterType="sample" resultMap="result">
        select column1, column2, column3, column4
        from sample
        where
        1=1
        <if test="column1 != null">and column1 = #{column1}</if>
        <if test="column2 != null">and column2 = #{column2}</if>
        <if test="column3 != null">and column3 = #{column3}</if>
        <if test="column4 != null">and column4 = #{column4}</if>
        <if test="column5 != null">and column5 = #{column5}</if>
        AND active_ind = 1
    </select>    

<!-- insert -->

    <insert id="insert" parameterType="map" >
        insert into
        sample
        (
        column1,
        column2,
        column3,
        column4,
        active_ind
        )values(
        #{column1},
        #{column2},
        #{column3},
        #{column4},
        1
        )
    </insert>
        
<!-- update -->
    <update id="update" parameterType="sample">
        update sample
        <set>
            column2 = #{column2},                
            column3 = #{column3},
            column4 = #{column4},
            last_modified_by = 'SYSTEM',
            last_modified_date = sysdate()
        </set>
        where
        column1 = #{column1}
        AND active_ind = 1
    </update>
    
    <update id="updateByColumn" parameterType="map">
        update sample
        <set>
<!--            <if test="upd.column1 != null">column1 = #{upd.column1},</if>
            <if test="upd.column2 != null">column2 = #{upd.column2},</if>-->
            <if test="upd.column3 != null">column3 = #{upd.column3},</if>
            <if test="upd.column4 != null">column4 = #{upd.column4}</if>
        </set>
        where
        1=1
        <if test="crt.column1 != null">and column1 = #{crt.column1}</if>
        <if test="crt.column2 != null">and column2 = #{crt.column2}</if>
        <if test="crt.column3 != null">and column3 = #{crt.column3}</if>
        <if test="crt.column4 != null">and column4 = #{crt.column4}</if>
        AND active_ind = 1
    </update>

<!-- delete -->
    <delete id="delete" parameterType="String">
        delete from sample
        where
        column1 = #{column1}
        AND active_ind = 1
    </delete>

    <update id="softDelete" parameterType="sample">
        update sample
        <set>
            active_ind = 0
        </set>
        where
        column1 = #{column1}
        AND active_ind = 1
    </update>

    <update id="softDeleteByColumn" parameterType="sample">
        update sample
        <set>
            active_ind = 0,
            last_modified_by = #{lastModifiedBy},
            last_modified_date = #{lastModifiedDate}
        </set>
            where
            1=1
            <if test="column1 != null">and column1 = #{column1}</if>
            <if test="column2 != null">and column2 = #{column2}</if>
            <if test="column3 != null">and column3 = #{column3}</if>
            <if test="column4 != null">and column4 = #{column4}</if>
            AND active_ind = 1
    </update>

	<update id="updateTest" parameterType="hashmap">
		update MS_KOKYAKU_SHUYAKU_SETTEI set
			KOSHIN_COUNTER = KOSHIN_COUNTER + 1
		where
			SHUYAKU_CD = "TEST00001"
	</update>
	
	<select id="searchForRowHistory" parameterType="hashmap" resultType="hashmap">
		SELECT
			id,
			date_value,
			value1,
			value2,
			value3
		FROM
			TEST_HISTORY
		WHERE 1 = 0
		<if test="column1 != null and column1 != ''">or id = #{column1}</if>
	</select>
	
	<select id="searchForList" parameterType="hashmap" resultType="hashmap">
		SELECT
			id,
			date_value,
			value1,
			value2,
			value3
		FROM
			TEST_HISTORY
		WHERE 1 = 0
		<if test="ID != null and ID != ''">or id = #{ID}</if>
	</select>
	
	<select id="searchForListAll" parameterType="hashmap" resultType="hashmap">
		SELECT
			id,
			date_value,
			value1,
			value2,
			value3
		FROM
			TEST_HISTORY
	</select>
	
	<select id="searchForDetailList" parameterType="hashmap" resultType="hashmap">
		SELECT
			id,
			date_value,
			value1,
			value2,
			value3
		FROM
			TEST_HISTORY
		WHERE 1 = 0
		<if test="ID != null and ID != ''">or id = #{ID}</if>
    </select>
	
	<select id="searchForListBK" parameterType="hashmap" resultType="hashmap">
		SELECT
			MS_KOKYAKU.KOKYAKU_CD, 
			MS_KOKYAKU.KOKYAKU_MEI, 
			TO_CHAR (SYSDATE, 'YYYY/MM/DD') AS SHUKA_SAISHU_KEIJOBI,
			TO_CHAR (SYSDATE, 'YYYY/MM/DD') AS MISHU_SAISHU_KEIJOBI,
			MS_KOKYAKU.KIGYO_SHUYAKU_CD,
			MS_KOKYAKU.HOJIN_BANGO,
			MS_KOKYAKU_SHUYAKU_SETTEI.SHUYAKU_CD,
			MS_KOKYAKU_SHUYAKU_SETTEI.EIGYOSHO_CD AS EIGYOSHO,
			MS_KOKYAKU_SHUYAKU_SETTEI.KOSHIN_USER,
			TO_CHAR (MS_KOKYAKU_SHUYAKU_SETTEI.KOSHIN_NICHIJI, 'YYYY/MM/DD') AS KOSHIN_NICHIJI,
			MS_SHUYAKU_CD.SHUYAKU_CD_MEISHO
		FROM
			MS_KOKYAKU
		INNER JOIN 
			MS_HOJIN_GROUP_SETTEI
		ON
			MS_HOJIN_GROUP_SETTEI.HOJIN_BANGO = MS_KOKYAKU.HOJIN_BANGO
		LEFT OUTER JOIN
			MS_KOKYAKU_SHUYAKU_SETTEI
		ON
			MS_KOKYAKU_SHUYAKU_SETTEI.KOKYAKU_CD = MS_KOKYAKU.KOKYAKU_CD
		LEFT OUTER JOIN
			MS_SHUYAKU_CD
		ON
			MS_SHUYAKU_CD.SHUYAKU_CD = MS_KOKYAKU_SHUYAKU_SETTEI.SHUYAKU_CD
		WHERE
			MS_KOKYAKU.SAKUJO_FLG != 1 
			AND (MS_KOKYAKU.TEKIYO_KAISHIBI != SYSDATE AND TEKIYO_SHURYOBI IS NULL )
			<if test="TEST1 != null and TEST1 != ''">and MS_KOKYAKU.KOKYAKU_CD like #{TEST1}</if>
		ORDER BY
			MS_KOKYAKU.KOKYAKU_CD
    </select>

    <!--select sample-->
    <select id="searchForList2" parameterType="hashmap" resultType="hashmap">
        
        SELECT 
            KSS.KOKYAKU_CD AS KOKYAKU,
            KO.KOKYAKU_MEI AS KOKYAKU_MEISHO,
            TO_CHAR (SYSDATE, 'YYYY/MM/DD') AS SHUKA_SAISHU_KEIJOBI,
            TO_CHAR (SYSDATE, 'YYYY/MM/DD') AS MISHU_SAISHU_KEIJOBI,
<!--            'NN.COL1' AS SHUKA_SAISHU_KEIJOBI,
            'NN.COL2' AS MISHU_SAISHU_KEIJOBI,-->
        <![CDATA[
            EI.EIGYOSHO_CD || '<br/>' || EI.EIGYOSHO_MEI AS EIGYOSHO,
            KO.KIGYO_SHUYAKU_CD AS KIGYO_SHUYAKU_CD,
            KO.HOJIN_BANGO || '<br/>' || EI.EIGYOSHO_MEI AS HOJIN_BANGO,
        ]]> 
            KSS.SHUYAKU_CD AS SHUYAKU_CD,
            SC.SHUYAKU_CD_MEISHO AS SHUYAKU_MEISHO,
            KSS.KOSHIN_USER AS KOSHIN_SHA,
            TO_CHAR (KSS.KOSHIN_NICHIJI, 'YYYY/MM/DD HH24:MI:SS') AS KOSHIN_NICHIJI
        FROM 
            (("MS_KOKYAKU_SHUYAKU_SETTEI" KSS 
            INNER JOIN "MS_KOKYAKU" KO ON KSS.KOKYAKU_CD = KO.KOKYAKU_CD) 
            INNER JOIN "MS_EIGYOSHO" EI ON KSS.EIGYOSHO_CD = EI.EIGYOSHO_CD) 
            INNER JOIN "MS_SHUYAKU_CD" SC ON KSS.SHUYAKU_CD = SC.SHUYAKU_CD 
        WHERE
            1 = 1
<!--        AND
            KSS.KOKYAKU_CD = KO.KOKYAKU_CD 
        AND
            KSS.SHUYAKU_CD = SC.SHUYAKU_CD-->
        <if test="shiyoKbn != null and shiyoKbn != 'ALLDATA'">AND KSS.SHIYO_KBN = #{shiyoKbn}</if>
        AND
            KSS.SAKUJO_FLG = 0
           
    </select>

    <!--update sample-->
    <update id="updateForList" parameterType="hashmap">
        UPDATE "MS_KOKYAKU_SHUYAKU_SETTEI"
        <set>
            <!--<if test="kokyakuCd != null">KOKYAKU_CD = #{kokyakuCd},</if>-->
            <!--<if test="shuyakuCd != null">SHUYAKU_CD = #{shuyakuCd},</if>-->
            <!--<if test="eigyoshoCd != null">EIGYOSHO_CD = #{eigyoshoCd},</if>-->
            SHUYAKU_CD = #{shuyakuCd},
            KOSHIN_USER = 'SYSTEM',
            KOSHIN_NICHIJI = SYSDATE
        </set>
        WHERE 1 = 1
        AND KOKYAKU_CD = #{kokyaku}
        <!--AND SHUYAKU_CD = #{shuyakuCd}-->
        AND EIGYOSHO_CD = #{eigyosho}
        AND SAKUJO_FLG = 0
    </update>

    <!--delete sample(soft delete)-->
    <update id="softDeleteForList" parameterType="hashmap">
        UPDATE "MS_KOKYAKU_SHUYAKU_SETTEI"
        <set>
            SAKUJO_FLG = 1,
            KOSHIN_USER = 'SYSTEM',
            KOSHIN_NICHIJI = SYSDATE
        </set>
        WHERE
        KOKYAKU_CD = #{kokyaku}
        <!--AND SHUYAKU_CD = #{shuyakuCd.label}-->
        AND SAKUJO_FLG = 0
    </update>
</mapper>
