<?xml version="1.0" encoding="UTF-8"?>
<faces-config xmlns="http://xmlns.jcp.org/xml/ns/javaee"
	xmlns:xsi="http://www.w3.org/2001/XMLSchema-instance"
	xsi:schemaLocation="http://xmlns.jcp.org/xml/ns/javaee http://xmlns.jcp.org/xml/ns/javaee/web-facesconfig_2_2.xsd"
	version="2.2">
<!--  
	<factory>
		<faces-context-factory>jp.co.tokyo_gas.aion.tgfw.parts.jsf.taglib.FwFacesContextFactory</faces-context-factory>
	</factory>
-->
	<application>
		<action-listener>org.primefaces.application.DialogActionListener</action-listener>
	    <navigation-handler>org.primefaces.application.DialogNavigationHandler</navigation-handler>
	    <view-handler>org.primefaces.application.DialogViewHandler</view-handler>
        <locale-config>
            <default-locale>ja_JP</default-locale>
        </locale-config>
		<system-event-listener>
			<system-event-listener-class>org.primefaces.event.AutoUpdateComponentListener</system-event-listener-class>
			<system-event-class>javax.faces.event.PostAddToViewEvent</system-event-class>
			<source-class>jp.co.tokyo_gas.cisfw.web.taglib.component.CfwMessages</source-class>
		</system-event-listener>
		<message-bundle>
            ValidationMessages
        </message-bundle>
	</application>
	<factory>
	    <exception-handler-factory>jp.co.tokyo_gas.aion.tgfw.parts.jsf.handler.FwExceptionHandlerFactory</exception-handler-factory>
	</factory>
</faces-config>