<?xml version="1.0" encoding="UTF-8"?>
<web-fragment xmlns="http://java.sun.com/xml/ns/javaee"
              xmlns:xsi="http://www.w3.org/2001/XMLSchema-instance"
              xsi:schemaLocation="http://java.sun.com/xml/ns/javaee 
              http://java.sun.com/xml/ns/javaee/web-fragment_3_0.xsd"
         version="3.0">

	<name>cisfw</name>

   	<listener>
		<listener-class>jp.co.tokyo_gas.aion.tgfw.parts.ee.init.FwInitializeListener</listener-class>
	</listener>
	
   	<listener>
		<listener-class>jp.co.tokyo_gas.cisfw.web.initialize.CfwInitializeListener</listener-class>
	</listener>
	
   	<listener>
		<listener-class>jp.co.tokyo_gas.aion.tgfw.parts.tracking.FwTrackingRequestListener</listener-class>
	</listener>

	<context-param>
    	<param-name>javax.faces.CLIENT_WINDOW_MODE</param-name>
   		<param-value>url</param-value>
	</context-param>
    <context-param>
        <param-name>facelets.SKIP_COMMENTS</param-name>
        <param-value>true</param-value>
    </context-param>
    <context-param>
        <param-name>primefaces.THEME</param-name>
        <param-value>cupertino</param-value>
    </context-param>
    <context-param>
        <param-name>javax.faces.INTERPRET_EMPTY_STRING_SUBMITTED_VALUES_AS_NULL</param-name>
        <param-value>false</param-value>
    </context-param>
    <context-param>
        <param-name>primefaces.CLIENT_SIDE_VALIDATION</param-name>
        <param-value>TRUE</param-value>
    </context-param>
    <context-param>
		<param-name>javax.faces.FACELETS_REFRESH_PERIOD</param-name>
		<param-value>5</param-value>
	</context-param> 
	<context-param>
		<param-name>com.ibm.faces.portlet.RENDER_UNHANDLED_FACES_MESSAGES</param-name>
		<param-value>false</param-value>
	</context-param>
	
	<context-param>
    	<param-name>javax.faces.FACELETS_BUFFER_SIZE</param-name>
   		<param-value>1000000</param-value>
  	</context-param>
	
                  
   	<filter>
		<filter-name>FwCharacterEncodingFilter</filter-name>
		<filter-class>jp.co.tokyo_gas.aion.tgfw.parts.web.filter.FwCharacterEncodingFilter</filter-class>
		<init-param>
			<description>リクエストキャラクタセット</description>
			<param-name>encoding</param-name>
			<param-value>UTF-8</param-value>
		</init-param>
		<init-param>
			<description>レスポンスキャラクタセット</description>
			<param-name>response</param-name>
			<param-value>UTF-8</param-value>
		</init-param>
	</filter>

	<filter>
		<filter-name>CfwTrackingIDFilter</filter-name>
		<filter-class>jp.co.tokyo_gas.cisfw.web.filter.CfwTrackingIdFilter</filter-class>
	</filter>

	<filter>
		<filter-name>CfwRequestLogFilter</filter-name>
		<filter-class>jp.co.tokyo_gas.cisfw.web.filter.CfwRequestLogFilter</filter-class>
	</filter>

	<filter>
		<filter-name>FwSvfCharacterEncodingFilter</filter-name>	
		<filter-class>jp.co.tokyo_gas.aion.tgfw.parts.web.filter.FwCharacterEncodingFilter</filter-class> 
		<init-param>
			<description>リクエストキャラクタセット</description>
			<param-name>encoding</param-name>
			<param-value>MS932</param-value>
		</init-param>
		<init-param>
			<description>レスポンスキャラクタセット</description>
			<param-name>response</param-name>
			<param-value>MS932</param-value>
		</init-param>
	</filter>

	<filter-mapping>
		<filter-name>FwCharacterEncodingFilter</filter-name>
		<url-pattern>/faces/*</url-pattern>
	</filter-mapping>

	<filter-mapping>
		<filter-name>FwSvfCharacterEncodingFilter</filter-name>	
		<url-pattern>/faces/jsf/print/*</url-pattern>	
	</filter-mapping>

   	<filter-mapping>
		<filter-name>CfwTrackingIDFilter</filter-name>
		<url-pattern>/faces/*</url-pattern>
	</filter-mapping>

	<!-- 通信ログ出力のためにrequestParameterへアクセスするため、encodingはこれより手前に設定する -->
	<filter-mapping>
		<filter-name>CfwRequestLogFilter</filter-name>
		<!-- すべてを出したいとき -->
<!-- 		<url-pattern>/faces/*</url-pattern> -->
		<!-- xhtmlだけ出したいとき -->
		<url-pattern>*.xhtml</url-pattern>

<!-- 
		<url-pattern>/MenuCacheRefresh/*</url-pattern>
 -->

	</filter-mapping>


    <servlet>
        <servlet-name>Faces Servlet</servlet-name>
        <servlet-class>javax.faces.webapp.FacesServlet</servlet-class>
        <load-on-startup>1</load-on-startup>
    </servlet>

    <servlet-mapping>
        <servlet-name>Faces Servlet</servlet-name>
        <url-pattern>/faces/*</url-pattern>
    </servlet-mapping>


    <servlet>
        <servlet-name>MenuCacheRefreshServlet</servlet-name>
        <servlet-class>jp.co.tokyo_gas.cisfw.web.menu.CfwMenuBarCacheRefreshServlet</servlet-class>
        <load-on-startup>1</load-on-startup>
    </servlet>

    <servlet-mapping>
        <servlet-name>MenuCacheRefreshServlet</servlet-name>
        <url-pattern>/MenuCacheRefresh/*</url-pattern>
    </servlet-mapping>


	<welcome-file-list>
		<welcome-file>/faces/index.xhtml</welcome-file>
	</welcome-file-list>    
  
</web-fragment>