"ROLE_CD","MENU_GROUP_ID","TOROKU_USER","TOROKU_NICHIJI","KOSHIN_USER","KOSHIN_NICHIJI","KOSHIN_COUNTER","TOROKU_TAMMATSU","KOSHIN_TAMMATSU","TOROKU_EIGYOSHO","KOSHIN_EIGYOSHO","SAISHU_OPERATION_USER","SAISHU_OPERATION_KOSHIN_NICHIJI"
"ACCOUNTING","Pro","admin",2018/12/29 10:48:11,,,0,,,,,,
"ADMIN","Cus","admin",2018/12/29 10:48:11,,,0,,,,,,
"ADMIN","Est","admin",2018/12/29 10:48:11,,,0,,,,,,
"ADMIN","Mst","admin",2018/12/29 10:48:11,,,0,,,,,,
"ADMIN","Smp","admin",2018/12/29 10:48:11,,,0,,,,,,
"ADMIN","Sys","admin",2018/12/29 10:48:11,,,0,,,,,,
"ESTIMATE_INPUT","Est","admin",2018/12/29 10:48:11,,,0,,,,,,
"URIAGE_INPUT","Pro","admin",2018/12/29 10:48:11,,,0,,,,,,
"ADMIN","Cus012","admin",2018/12/29 10:48:11,,,0,,,,,,
"ADMIN","Cus021","admin",2018/12/29 10:48:11,,,0,,,,,,
"ADMIN","Mst481","admin",2018/12/29 10:48:11,,,0,,,,,,
"ADMIN","Mst501","admin",2018/12/29 10:48:11,,,0,,,,,,
"ADMIN","Mst031","admin",2018/12/29 10:48:11,,,0,,,,,,
"ADMIN","Mst041","admin",2018/12/29 10:48:11,,,0,,,,,,
"ADMIN","Mst042","admin",2018/12/29 10:48:11,,,0,,,,,,
