"KINO_CD","USER_CD","TOROKU_USER","TOROKU_NICHIJI","KOSHIN_USER","KOSHIN_NICHIJI","KOSHIN_COUNTER","TOROKU_TAMMATSU","KOSHIN_TAMMATSU","TOROKU_EIGYOSHO","KOSHIN_EIGYOSHO","SAISHU_OPERATION_USER","SAISHU_OPERATION_KOSHIN_NICHIJ","KINO_GROUP_CD"
"ALL","axis00","admin",2018/12/29 10:48:11,,,0,,,,,,,"ADMIN_GROUP"
"CODE_SEARCH_KLS","axis","admin",2018/12/29 10:48:11,,,0,,,,,,,"ADMIN_GROUP"
"COM_CREATE_LIST","axis00","admin",2018/12/29 10:48:11,,,0,,,,,,,"ADMIN_GROUP"
"COM_SEARCH","axis00","admin",2018/12/29 10:48:11,,,0,,,,,,,"ADMIN_GROUP"
"CUS011_SCREEN","axis00","admin",2018/12/29 10:48:11,,,0,,,,,,,"ADMIN_GROUP"
"CUS011_SEARCH","axis00","admin",2018/12/29 10:48:11,,,0,,,,,,,"ADMIN_GROUP"
"DCL_RECEIVE_SEARCH","axis00","admin",2018/12/29 10:48:11,,,0,,,,,,,"ADMIN_GROUP"
"DEM012_INIT","axis00","admin",2018/12/29 10:48:11,,,0,,,,,,,"ADMIN_GROUP"
"DEM012_SCREEN","axis00","admin",2018/12/29 10:48:11,,,0,,,,,,,"ADMIN_GROUP"
"DEM012_SEARCH_DETAIL","axis","admin",2018/12/29 10:48:11,,,0,,,,,,,"ADMIN_GROUP"
"DEM012_SEARCH_HEADER","axis","admin",2018/12/29 10:48:11,,,0,,,,,,,"ADMIN_GROUP"
"DEM012_SEARCH_STATUS","axis","admin",2018/12/29 10:48:11,,,0,,,,,,,"ADMIN_GROUP"
"EST021_SCREEN","axis00","admin",2018/12/29 10:48:11,,,0,,,,,,,"ADMIN_GROUP"
"EST022_SCREEN","axis00","admin",2018/12/29 10:48:11,,,0,,,,,,,"ADMIN_GROUP"
"EST031_SCREEN","axis00","admin",2018/12/29 10:48:11,,,0,,,,,,,"ADMIN_GROUP"
"FUNC_PTNA_DELETE","axis00","admin",2018/12/29 10:48:11,,,0,,,,,,,"ADMIN_GROUP"
"FUNC_PTNA_SEARCH","axis00","admin",2018/12/29 10:48:11,,,0,,,,,,,"ADMIN_GROUP"
"FUNC_PTNB_DELETE","axis","admin",2018/12/29 10:48:11,,,0,,,,,,,"ADMIN_GROUP"
"FUNC_PTNB_SEARCH","axis","admin",2018/12/29 10:48:11,,,0,,,,,,,"ADMIN_GROUP"
"FUNC_PTNC_DELETE","axis","admin",2018/12/29 10:48:11,,,0,,,,,,,"ADMIN_GROUP"
"FUNC_PTNC_SEARCH","axis","admin",2018/12/29 10:48:11,,,0,,,,,,,"ADMIN_GROUP"
"LIST_CITY","axis","admin",2018/12/29 10:48:11,,,0,,,,,,,"ADMIN_GROUP"
"LIST_PREF","axis","admin",2018/12/29 10:48:11,,,0,,,,,,,"ADMIN_GROUP"
"LIST_SAMPLE_CHILD","axis","admin",2018/12/29 10:48:11,,,0,,,,,,,"ADMIN_GROUP"
"LIST_SAMPLE_CODE","axis","admin",2018/12/29 10:48:11,,,0,,,,,,,"ADMIN_GROUP"
"MASTER_MST081_SCREEN","axis00","admin",2018/12/29 10:48:11,,,0,,,,,,,"ADMIN_GROUP"
"MENU_CUSTOMER","axis00","admin",2018/12/29 10:48:11,,,0,,,,,,,"ADMIN_GROUP"
"MENU_ESTIMATE","axis00","admin",2018/12/29 10:48:11,,,0,,,,,,,"ADMIN_GROUP"
"MENU_MASTER","axis00","admin",2018/12/29 10:48:11,,,0,,,,,,,"ADMIN_GROUP"
"MST081_DELETE","axis00","admin",2018/12/29 10:48:11,,,0,,,,,,,"ADMIN_GROUP"
"MST081_SEARCH","axis","admin",2018/12/29 10:48:11,,,0,,,,,,,"ADMIN_GROUP"
"MST081_UPDATE","axis00","admin",2018/12/29 10:48:11,,,0,,,,,,,"ADMIN_GROUP"
"MST042_SCREEN","axis00","admin",2018/12/29 10:48:11,,,0,,,,,,,"ADMIN_GROUP"
"MST042_DELETE","axis00","admin",2018/12/29 10:48:11,,,0,,,,,,,"ADMIN_GROUP"
"MST042_SEARCH","axis00","admin",2018/12/29 10:48:11,,,0,,,,,,,"ADMIN_GROUP"
"MST042_UPDATE","axis00","admin",2018/12/29 10:48:11,,,0,,,,,,,"ADMIN_GROUP"
"SAMPLE_DEL","axis00","admin",2018/12/29 10:48:11,,,0,,,,,,,"ADMIN_GROUP"
"SAMPLE_PTNA_SCREEN","axis00","admin",2018/12/29 10:48:11,,,0,,,,,,,"ADMIN_GROUP"
"SAMPLE_PTNB_SCREEN","axis00","admin",2018/12/29 10:48:11,,,0,,,,,,,"ADMIN_GROUP"
"SAMPLE_PTNC_SCREEN","axis00","admin",2018/12/29 10:48:11,,,0,,,,,,,"ADMIN_GROUP"
"SAMPLE_SEARCH","axis00","admin",2018/12/29 10:48:11,,,0,,,,,,,"ADMIN_GROUP"
"SAMPLE_UPD","axis00","admin",2018/12/29 10:48:11,,,0,,,,,,,"ADMIN_GROUP"
"SS_COMMON_MAINT_A","axis00","admin",2018/12/29 10:48:11,,,0,,,,,,,"ADMIN_GROUP"
"SS_COMMON_UPLOAD","axis00","admin",2018/12/29 10:48:11,,,0,,,,,,,"ADMIN_GROUP"
"SS_COM_CREATE_LIST","axis00","admin",2018/12/29 10:48:11,,,0,,,,,,,"ADMIN_GROUP"
"SS_COM_MNT_CLMN_LIST","axis00","admin",2018/12/29 10:48:11,,,0,,,,,,,"ADMIN_GROUP"
"SS_COM_MNT_DELETE","axis00","admin",2018/12/29 10:48:11,,,0,,,,,,,"ADMIN_GROUP"
"SS_COM_MNT_EXEC_SQL","axis00","admin",2018/12/29 10:48:11,,,0,,,,,,,"ADMIN_GROUP"
"SS_COM_MNT_SB_SEARCH","axis00","admin",2018/12/29 10:48:11,,,0,,,,,,,"ADMIN_GROUP"
"SS_COM_MNT_SEARCH","axis00","admin",2018/12/29 10:48:11,,,0,,,,,,,"ADMIN_GROUP"
"SS_COM_MNT_SETTING","axis00","admin",2018/12/29 10:48:11,,,0,,,,,,,"ADMIN_GROUP"
"SS_COM_MNT_TABLE_DEF","axis00","admin",2018/12/29 10:48:11,,,0,,,,,,,"ADMIN_GROUP"
"SS_COM_MNT_UPDATE","axis00","admin",2018/12/29 10:48:11,,,0,,,,,,,"ADMIN_GROUP"
"SS_COM_RPT_PROC","axis00","admin",2018/12/29 10:48:11,,,0,,,,,,,"ADMIN_GROUP"
"SS_COM_RPT_SEARCH","axis00","admin",2018/12/29 10:48:11,,,0,,,,,,,"ADMIN_GROUP"
"SS_COM_UL_FILE_PROC","axis00","admin",2018/12/29 10:48:11,,,0,,,,,,,"ADMIN_GROUP"
"SS_COM_UL_FILE_PR_EX","axis00","admin",2018/12/29 10:48:11,,,0,,,,,,,"ADMIN_GROUP"
"SS_COM_UL_SAVE","axis00","admin",2018/12/29 10:48:11,,,0,,,,,,,"ADMIN_GROUP"
"SS_COM_UL_SEARCH","axis00","admin",2018/12/29 10:48:11,,,0,,,,,,,"ADMIN_GROUP"
"SS_COM_UL_SHOW_ORG","axis00","admin",2018/12/29 10:48:11,,,0,,,,,,,"ADMIN_GROUP"
"SS_COM_UL_TMP_SEARCH","axis00","admin",2018/12/29 10:48:11,,,0,,,,,,,"ADMIN_GROUP"
"SS_SORT_ORDER_LIST","axis00","admin",2018/12/29 10:48:11,,,0,,,,,,,"ADMIN_GROUP"
"TEST","axis00","admin",2018/12/29 10:48:11,,,0,,,,,,,"ADMIN_GROUP"
"USER_GET_ALLMENU","axis00","admin",2018/12/29 10:48:11,,,0,,,,,,,"MITSUMORI_INPUT"
"USER_GET_AUTHORITY","axis00","admin",2018/12/29 10:48:11,,,0,,,,,,,"MITSUMORI_INPUT"
"USER_LOGIN","axis00","admin",2018/12/29 10:48:11,,,0,,,,,,,"MITSUMORI_INPUT"
"USER_PASSWORD_CHANGE","axis00","admin",2018/12/29 10:48:11,,,0,,,,,,,"MITSUMORI_INPUT"
"USER_SELF_SEARCH","axis00","admin",2018/12/29 10:48:11,,,0,,,,,,,"MITSUMORI_INPUT"
